id,leto,mesec,dan,ura,drzava,sirina,dolzina,globina,magnituda
541962,2016,11,1,07:56:39,OWEN FRACTURE ZONE REGION,43.0,13.16,10,4.9
541642,2016,10,31,13:44:00,ROMANIA,30.76,56.53,2,4.4
541564,2016,10,31,09:38:13,CENTRAL ITALY,43.26,17.88,8,4.2
541428,2016,10,31,03:27:40,CENTRAL ITALY,42.77,13.09,11,4.3
541060,2016,10,30,13:34:54,CENTRAL ITALY,42.8,13.17,9,4.6
540990,2016,10,30,11:58:17,CENTRAL ITALY,42.84,13.06,10,4.0
540912,2016,10,30,10:19:26,CENTRAL MEDITERRANEAN SEA,42.82,13.14,11,4.1
540853,2016,10,30,08:35:58,CENTRAL ITALY,42.83,13.08,10,4.6
540809,2016,10,30,07:13:06,CENTRAL ITALY,42.73,13.16,10,4.5
540845,2016,10,30,07:05:56,CENTRAL ITALY,42.79,13.16,8,4.1
540813,2016,10,30,06:55:40,CENTRAL ITALY,42.74,13.17,13,4.1
540793,2016,10,30,05:27:04,"KERKIRA REGION, GREECE",44.32,39.62,2,4.6
540677,2016,10,29,16:24:33,SOUTHERN ITALY,42.81,13.1,11,4.4
540429,2016,10,28,20:02:49,CENTRAL IRAN,39.36,13.44,449,5.8
540069,2016,10,27,17:22:23,"CASPIAN SEA, OFFSHORE AZERBAIJAN",42.84,13.1,9,4.2
539919,2016,10,27,08:21:46,CENTRAL ITALY,42.87,13.1,9,4.4
539844,2016,10,27,03:19:27,CENTRAL ITALY,42.84,13.15,9,4.4
539766,2016,10,26,23:52:32,CENTRAL ITALY,42.82,13.14,10,4.0
539710,2016,10,26,21:24:51,CENTRAL ITALY,42.87,13.08,9,4.1
540301,2016,10,26,19:16:57,CENTRAL ITALY,42.88,13.16,8,4.3
539596,2016,10,26,14:15:37,NORTHEASTERN IRAN,39.5,54.59,10,5.3
539269,2016,10,25,04:27:16,WESTERN TURKEY,35.21,57.21,10,4.9
539127,2016,10,24,14:44:11,SOUTHERN IRAN,46.34,7.58,8,4.1
538717,2016,10,23,08:22:04,SOUTHERN IRAN,38.37,42.1,14,4.3
538602,2016,10,21,21:17:23,CENTRAL IRAN,45.04,41.22,20,4.2
538274,2016,10,20,15:10:30,GREECE,30.75,56.64,10,4.8
538047,2016,10,19,12:18:47,GREECE,36.08,30.5,60,4.7
537895,2016,10,18,19:22:46,POLAND,38.57,43.7,30,4.2
537225,2016,10,17,01:30:31,GREECE,37.93,26.94,10,4.3
537229,2016,10,16,19:01:40,WESTERN TURKEY,39.72,20.63,30,4.5
537400,2016,10,16,13:18:02,CENTRAL ITALY,39.75,20.7,10,4.4
537306,2016,10,16,08:40:20,AZERBAIJAN,39.75,20.7,10,4.1
537336,2016,10,16,05:55:07,GREECE,39.8,20.66,20,4.4
537316,2016,10,16,03:40:20,GREECE,39.65,20.59,10,5.1
537301,2016,10,16,01:32:06,GREECE,39.69,20.63,20,4.8
537313,2016,10,16,00:41:13,GREECE,39.78,20.66,14,5.0
537380,2016,10,15,23:06:59,GREECE,39.76,20.69,15,4.3
537563,2016,10,15,21:10:27,GREECE,39.66,20.67,20,4.3
537149,2016,10,15,08:18:33,"CRETE, GREECE",42.19,30.69,10,5.2
537080,2016,10,15,02:51:03,WESTERN TURKEY,38.94,27.69,6,4.2
537008,2016,10,14,19:58:44,SOUTHERN IRAN,36.54,48.97,20,4.2
536604,2016,10,12,04:01:25,GREECE,13.42,50.71,10,4.3
536076,2016,10,9,12:48:24,WESTERN TURKEY,62.41,2.25,2,4.7
535779,2016,10,8,05:58:58,GREECE,27.9,57.61,25,4.0
535640,2016,10,7,12:02:08,CROATIA,29.88,60.71,13,4.2
535224,2016,10,5,08:21:27,SOUTHERN GREECE,40.92,51.46,40,4.1
534587,2016,10,1,13:17:16,WESTERN IRAN,40.63,29.44,10,5.0
534215,2016,9,29,22:27:14,AEGEAN SEA,34.63,24.82,10,4.2
533848,2016,9,28,09:10:06,SOUTHERN GREECE,37.92,29.13,9,4.1
533718,2016,9,27,20:57:08,SOUTHERN IRAN,36.36,27.61,90,5.2
532801,2016,9,23,23:11:20,SOUTHERN IRAN,45.71,26.62,92,5.7
532383,2016,9,22,08:22:41,"CAUCASUS REGION, RUSSIA",36.25,21.9,10,4.5
532298,2016,9,21,19:27:35,CYPRUS REGION,42.38,40.94,10,4.4
532211,2016,9,21,07:41:12,CENTRAL ITALY,26.87,60.06,10,4.6
531720,2016,9,19,03:59:45,SOUTHERN IRAN,38.1,20.28,12,4.7
531108,2016,9,16,06:55:14,CENTRAL ITALY,38.88,23.32,24,4.3
530667,2016,9,14,07:59:08,IONIAN SEA,51.65,16.19,1,4.1
530376,2016,9,13,06:14:50,KOSOVO-SERBIA-FYROM BORDER REG.,37.77,21.21,20,4.5
530245,2016,9,12,17:00:13,WESTERN TURKEY,13.2,50.38,10,4.5
530109,2016,9,12,09:29:38,WESTERN TURKEY,38.89,27.73,13,4.5
529942,2016,9,11,13:10:07,KOSOVO-SERBIA-FYROM BORDER REG.,41.98,21.5,4,5.2
529611,2016,9,9,17:24:20,ROMANIA,36.88,25.56,179,4.5
529384,2016,9,8,15:31:07,"AZORES ISLANDS, PORTUGAL",38.03,20.23,15,4.0
529261,2016,9,7,21:29:38,"CAUCASUS REGION, RUSSIA",41.82,46.56,50,4.3
528915,2016,9,6,05:27:27,GULF OF ADEN,36.28,28.25,49,4.3
528618,2016,9,4,18:15:41,NORTHWESTERN IRAN,39.31,36.32,5,4.1
528347,2016,9,3,11:54:00,CENTRAL ITALY,43.41,40.99,10,4.1
528248,2016,9,3,06:55:36,CENTRAL ITALY,71.1,7.69,2,5.1
528010,2016,9,2,03:27:13,ALBANIA,43.42,40.96,2,4.0
527641,2016,8,31,18:12:52,EASTERN IRAN,42.83,13.26,9,4.1
527120,2016,8,29,05:12:29,ICELAND,38.58,29.12,5,4.2
526985,2016,8,28,15:55:35,CENTRAL ITALY,42.82,13.24,9,4.4
526637,2016,8,27,02:34:40,AEGEAN SEA,13.37,57.95,10,4.9
526468,2016,8,26,10:19:23,CENTRAL ITALY,28.55,62.1,10,4.7
526211,2016,8,25,12:36:07,CENTRAL ITALY,42.77,13.13,11,4.5
526070,2016,8,25,01:33:27,DODECANESE IS.-TURKEY BORDER REG,36.64,11.19,10,4.3
526030,2016,8,24,23:22:05,"CAUCASUS REGION, RUSSIA",42.65,13.21,11,4.1
525952,2016,8,24,17:46:09,CENTRAL ITALY,42.66,13.22,10,4.4
525855,2016,8,24,11:50:30,CENTRAL ITALY,42.82,13.15,8,4.9
525651,2016,8,24,03:40:11,CENTRAL ITALY,42.62,13.25,11,4.2
525622,2016,8,24,02:59:35,CENTRAL ITALY,42.8,13.14,9,4.4
525599,2016,8,24,02:07:30,CENTRAL ITALY,42.66,13.32,10,4.0
525588,2016,8,24,01:56:03,CENTRAL ITALY,42.67,13.23,10,4.8
525133,2016,8,21,19:28:40,SOUTHERN IRAN,36.01,21.65,10,4.0
524708,2016,8,19,11:44:18,GREENLAND SEA,39.32,10.35,30,4.2
524258,2016,8,17,01:07:02,POLAND,38.65,38.15,5,4.1
523523,2016,8,12,20:47:32,AZORES-CAPE ST. VINCENT RIDGE,84.14,2.17,10,5.0
522946,2016,8,10,04:55:07,SOUTHERN IRAN,35.28,46.33,2,4.4
522750,2016,8,9,02:46:13,"CAUCASUS REGION, RUSSIA",73.57,8.02,10,4.3
522518,2016,8,7,18:04:39,CYPRUS REGION,39.81,29.53,10,4.7
522461,2016,8,7,08:15:05,GREECE,47.17,37.56,10,4.8
521961,2016,8,4,10:54:41,CENTRAL TURKEY,45.57,26.56,139,4.4
521598,2016,8,2,10:15:52,AZERBAIJAN,38.31,46.7,10,4.1
521356,2016,8,1,04:46:37,STRAIT OF GIBRALTAR,39.91,47.87,25,5.3
521150,2016,7,30,20:21:38,POLAND,44.94,7.21,11,4.1
521112,2016,7,30,17:26:19,KOSOVO-SERBIA-FYROM BORDER REG.,35.13,22.8,10,5.1
520734,2016,7,28,16:13:32,SOUTHERN IRAN,35.25,39.12,10,4.5
520672,2016,7,28,06:05:15,ICELAND REGION,42.88,40.88,10,4.3
520314,2016,7,26,10:24:51,SOUTHERN IRAN,27.72,54.62,50,4.5
520204,2016,7,25,23:35:14,SYRIA,35.36,31.56,40,4.3
519936,2016,7,24,13:26:36,NORTHEASTERN IRAN,28.12,57.57,20,4.0
519660,2016,7,22,21:40:10,GEORGIA (SAK'ART'VELO),42.38,35.15,10,4.2
520981,2016,7,19,22:33:11,"DODECANESE ISLANDS, GREECE",13.77,45.73,10,4.1
518797,2016,7,17,23:32:27,WESTERN TURKEY,33.33,54.56,10,4.1
518689,2016,7,17,08:55:41,IRAN-IRAQ BORDER REGION,40.71,29.18,7,4.0
518276,2016,7,14,18:07:03,WESTERN IRAN,36.11,21.66,54,4.4
518204,2016,7,14,08:36:28,NORTHEASTERN IRAN,41.32,29.37,10,5.2
518095,2016,7,13,18:36:07,SOUTHERN IRAN,35.92,31.1,45,4.3
517838,2016,7,12,10:14:02,NORTH OF SVALBARD,41.37,44.04,10,4.8
517716,2016,7,11,22:18:52,"CASPIAN SEA, OFFSHR TURKMENISTAN",41.22,23.78,2,4.1
517282,2016,7,9,14:03:24,NORTH OF SVALBARD,31.9,30.55,10,4.0
517237,2016,7,9,07:15:31,SOUTHERN IRAN,36.99,30.45,100,4.3
516751,2016,7,6,20:52:29,WESTERN IRAN,36.21,3.52,10,4.2
516498,2016,7,5,05:54:37,SOUTHERN IRAN,37.58,17.04,25,4.2
515873,2016,7,1,17:14:39,AZERBAIJAN,48.05,28.0,10,4.4
515513,2016,6,30,04:38:30,NORTHEASTERN IRAN,37.4,16.28,10,4.3
514888,2016,6,27,22:11:47,"CRETE, GREECE",34.21,26.49,50,4.2
514505,2016,6,26,05:38:55,SOUTHERN IRAN,28.52,56.97,10,4.3
514338,2016,6,25,05:40:11,AZORES ISLANDS REGION,40.68,29.21,6,4.4
514017,2016,6,23,14:37:56,EASTERN MEDITERRANEAN SEA,44.17,9.91,9,4.2
513860,2016,6,22,23:14:24,IRAN-IRAQ BORDER REGION,33.13,47.4,5,4.4
513812,2016,6,22,16:56:57,TURKEY-IRAN BORDER REGION,38.44,44.85,2,4.4
513641,2016,6,21,16:07:40,EASTERN TURKEY,40.38,53.03,40,4.2
513305,2016,6,19,19:17:51,EASTERN IRAN,35.69,26.54,10,4.0
512800,2016,6,17,01:07:54,"CASPIAN SEA, OFFSHORE AZERBAIJAN",78.29,8.55,10,4.4
511915,2016,6,11,23:58:40,NORTHERN ALGERIA,36.36,3.45,10,4.0
511802,2016,6,11,08:29:46,EASTERN TURKEY,39.23,23.74,12,4.1
511327,2016,6,9,02:05:40,GREENLAND SEA,44.48,21.71,5,4.5
511117,2016,6,7,22:04:28,GREECE,37.34,57.51,10,4.0
510922,2016,6,7,04:09:45,CYPRUS REGION,40.26,29.15,12,4.3
510643,2016,6,5,20:26:19,"CRETE, GREECE",38.61,26.71,10,4.4
510449,2016,6,4,16:38:26,EASTERN IRAN,38.21,20.25,10,4.8
510409,2016,6,4,09:54:15,NORTHERN ALGERIA,29.99,57.62,10,4.4
510364,2016,6,4,02:56:43,CYPRUS REGION,35.55,26.54,10,4.3
510245,2016,6,3,15:53:17,CENTRAL MEDITERRANEAN SEA,53.02,23.89,424,4.1
510098,2016,6,2,22:41:29,TUNISIA,12.72,58.0,10,4.6
509935,2016,6,2,04:08:57,NORTHERN ALGERIA,51.62,16.11,2,4.1
509645,2016,5,31,17:35:14,CENTRAL ITALY,36.33,3.52,15,4.4
509493,2016,5,30,19:29:03,"CRETE, GREECE",71.88,1.7,10,4.3
509347,2016,5,29,23:05:46,SOUTHERN IRAN,36.38,3.46,10,4.2
509240,2016,5,29,05:44:58,NORTHERN ALGERIA,43.14,46.24,73,4.0
509181,2016,5,28,23:54:53,"CASPIAN SEA, OFFSHR TURKMENISTAN",36.38,3.53,10,5.2
508619,2016,5,25,22:10:28,"CRETE, GREECE",36.77,15.81,20,4.0
508463,2016,5,25,05:57:34,WESTERN IRAN,30.19,49.56,10,4.0
508367,2016,5,24,17:52:02,NEAR THE COAST OF YEMEN,37.61,57.56,10,4.7
508349,2016,5,24,15:32:56,SYRIA,36.36,54.16,10,4.0
507960,2016,5,22,08:58:31,FYR OF MACEDONIA,41.62,23.29,1,4.5
507813,2016,5,21,16:41:30,FYR OF MACEDONIA,41.23,20.99,8,4.8
507804,2016,5,21,16:05:18,SOUTHERN GREECE,38.18,21.86,5,4.4
507616,2016,5,20,20:00:19,ADRIATIC SEA,38.6,24.48,5,4.3
507529,2016,5,20,11:59:15,GREECE,28.31,58.6,123,4.5
506961,2016,5,17,04:50:42,SOUTHEASTERN IRAN,45.87,0.63,2,4.0
506817,2016,5,16,09:19:04,SYRIA,36.34,3.46,10,4.7
506791,2016,5,16,07:28:58,EGYPT,38.19,22.56,16,4.0
506697,2016,5,15,21:32:44,SOUTHERN GREECE,36.72,22.95,10,4.0
506448,2016,5,14,01:19:14,"CAUCASUS REGION, RUSSIA",28.09,52.49,10,4.6
506347,2016,5,13,14:05:28,CYPRUS REGION,44.63,34.44,10,4.1
505923,2016,5,11,10:45:52,STRAIT OF GIBRALTAR,43.09,0.63,10,4.2
505779,2016,5,10,13:20:19,SOUTHERN IRAN,29.27,51.94,10,4.5
505652,2016,5,9,22:57:00,EASTERN TURKEY,39.13,24.15,10,4.1
505085,2016,5,7,10:51:47,NORTHERN MID-ATLANTIC RIDGE,13.67,51.78,10,4.9
504949,2016,5,6,17:33:18,NORTHERN MID-ATLANTIC RIDGE,28.6,52.22,20,4.2
504937,2016,5,6,15:19:27,GULF OF ADEN,45.11,27.75,10,4.8
504612,2016,5,5,07:01:47,GREECE,13.72,51.81,10,5.5
504294,2016,5,3,10:41:03,IRAN-PAKISTAN BORDER REGION,27.97,56.24,52,4.5
504107,2016,5,2,10:36:56,"CRETE, GREECE",47.12,0.5,10,4.1
503530,2016,4,29,03:50:53,FRANCE,38.69,20.61,1,4.0
502987,2016,4,26,14:15:17,CENTRAL IRAN,37.86,21.07,1,4.0
502793,2016,4,25,10:28:22,"MADEIRA ISLANDS, PORTUGAL REGION",48.08,16.14,8,4.1
502648,2016,4,24,15:18:17,TURKEY-SYRIA BORDER REGION,27.79,55.19,49,4.4
502068,2016,4,21,12:21:40,"CANARY ISLANDS, SPAIN REGION",13.14,50.83,10,4.5
501790,2016,4,19,20:22:43,BULGARIA,41.51,49.34,65,4.5
501299,2016,4,17,13:54:49,OWEN FRACTURE ZONE REGION,37.81,23.48,14,4.4
500979,2016,4,16,00:10:40,GREECE,34.81,25.75,10,5.0
500603,2016,4,14,14:23:05,NORTHERN IRAN,40.36,53.09,40,4.6
500299,2016,4,12,18:43:01,WESTERN IRAN,50.26,29.14,10,4.9
500133,2016,4,11,22:30:53,GREECE,11.24,42.8,6,4.1
499942,2016,4,11,17:39:51,SOUTHERN IRAN,11.23,42.8,6,4.1
499758,2016,4,10,17:48:53,IONIAN SEA,36.33,3.48,10,4.8
499454,2016,4,9,00:26:50,ICELAND,18.78,39.52,10,4.4
499072,2016,4,7,11:11:13,GULF OF ADEN,37.97,35.11,5,4.1
498651,2016,4,5,05:51:48,AZORES ISLANDS REGION,40.37,29.42,10,4.7
498633,2016,4,5,04:08:02,"CRETE, GREECE",30.54,57.41,10,4.1
497915,2016,4,1,14:30:48,CENTRAL TURKEY,35.97,25.19,88,4.5
497695,2016,3,31,15:38:37,WESTERN IRAN,37.65,19.83,10,4.6
497359,2016,3,29,21:43:00,SVALBARD REGION,37.65,20.25,10,4.2
497209,2016,3,29,03:47:05,IONIAN SEA,33.93,48.3,2,4.1
496847,2016,3,27,17:50:29,ADRIATIC SEA,45.34,20.34,10,4.3
496575,2016,3,25,22:28:46,STRAIT OF GIBRALTAR,35.71,3.66,2,4.1
496350,2016,3,24,19:51:37,NORTHERN ALGERIA,37.25,47.13,2,4.4
496174,2016,3,24,01:22:18,NORTHERN IRAN,36.01,29.62,2,4.7
495991,2016,3,22,20:24:20,CYPRUS REGION,34.97,33.84,60,4.1
495862,2016,3,22,02:24:03,NORTHERN MID-ATLANTIC RIDGE,14.62,52.55,15,5.0
495426,2016,3,19,21:55:28,WESTERN IRAN,65.11,22.34,10,4.2
494741,2016,3,16,16:27:34,STRAIT OF GIBRALTAR,35.27,3.79,10,4.7
494346,2016,3,14,17:26:49,STRAIT OF GIBRALTAR,37.27,58.4,10,4.3
494000,2016,3,13,03:03:20,DODECANESE IS.-TURKEY BORDER REG,37.27,55.54,12,4.0
493891,2016,3,12,15:22:23,STRAIT OF GIBRALTAR,35.33,23.53,2,4.0
493884,2016,3,12,15:04:05,"CRETE, GREECE",35.66,3.68,10,4.9
493841,2016,3,12,10:47:25,"CRETE, GREECE",30.5,49.88,20,4.0
493587,2016,3,11,09:40:19,STRAIT OF GIBRALTAR,35.71,3.67,10,4.0
493525,2016,3,11,04:16:47,SOUTHERN IRAN,35.66,3.68,10,4.8
493256,2016,3,10,00:03:39,STRAIT OF GIBRALTAR,34.81,23.18,50,4.4
492872,2016,3,7,22:43:24,"CRETE, GREECE",17.51,40.29,10,4.7
492692,2016,3,6,23:13:37,RED SEA,37.0,48.06,10,4.2
492584,2016,3,6,08:12:35,ERITREA,38.27,16.73,15,4.0
492514,2016,3,6,00:05:06,RED SEA,17.74,40.13,40,4.5
492060,2016,3,3,11:36:26,"CRETE, GREECE",35.48,3.81,10,4.8
491691,2016,3,1,11:58:09,EASTERN MEDITERRANEAN SEA,85.15,10.86,10,4.6
491365,2016,2,28,18:55:46,OWEN FRACTURE ZONE REGION,13.93,56.89,33,4.4
491347,2016,2,28,18:24:46,JAN MAYEN ISLAND REGION,71.76,2.43,10,4.6
491282,2016,2,28,11:17:18,STRAIT OF GIBRALTAR,41.47,22.93,2,4.0
490575,2016,2,25,04:36:25,"AZORES ISLANDS, PORTUGAL",51.47,16.21,10,4.1
490452,2016,2,24,14:41:40,STRAIT OF GIBRALTAR,36.07,23.86,44,4.2
490180,2016,2,23,08:46:00,NORTHERN ALGERIA,35.66,3.62,10,4.6
489963,2016,2,22,04:14:29,STRAIT OF GIBRALTAR,35.71,3.58,10,4.7
489270,2016,2,18,20:29:38,CENTRAL TURKEY,17.04,60.08,10,5.0
489110,2016,2,18,02:40:22,WESTERN IRAN,34.83,26.36,10,4.7
488619,2016,2,15,18:55:00,IRAN-IRAQ BORDER REGION,37.58,21.7,5,5.1
488398,2016,2,14,14:51:30,GREENLAND SEA,43.05,17.42,10,4.6
487863,2016,2,11,03:14:45,"AZORES ISLANDS, PORTUGAL",31.25,47.4,10,4.0
488078,2016,2,10,02:12:30,NORTHERN ALGERIA,36.49,3.07,10,4.7
487564,2016,2,9,06:14:47,"SICILY, ITALY",14.29,54.9,10,4.5
487368,2016,2,8,11:21:43,CENTRAL IRAN,35.37,3.88,8,4.2
486848,2016,2,5,23:01:26,"CAUCASUS REGION, RUSSIA",34.78,25.8,10,4.7
486194,2016,2,2,14:21:15,JAN MAYEN ISLAND REGION,38.85,37.82,5,4.0
485946,2016,2,1,13:46:33,STRAIT OF GIBRALTAR,32.46,55.47,10,4.4
485118,2016,1,28,21:00:34,STRAIT OF GIBRALTAR,12.23,47.39,10,4.5
485065,2016,1,28,13:22:28,STRAIT OF GIBRALTAR,33.53,54.96,10,4.1
484796,2016,1,27,06:32:09,NORTHERN IRAN,35.71,3.68,20,4.9
484543,2016,1,26,04:35:58,OFF COAST OF PAKISTAN,35.4,3.85,10,4.3
484431,2016,1,25,18:17:32,STRAIT OF GIBRALTAR,35.47,3.8,10,4.2
484400,2016,1,25,14:52:42,STRAIT OF GIBRALTAR,35.68,3.72,10,4.5
484306,2016,1,25,08:25:06,STRAIT OF GIBRALTAR,35.6,3.76,10,4.5
484258,2016,1,25,05:54:07,STRAIT OF GIBRALTAR,35.62,3.76,15,5.2
484231,2016,1,25,05:03:45,STRAIT OF GIBRALTAR,35.52,3.84,10,4.5
484233,2016,1,25,04:30:55,STRAIT OF GIBRALTAR,35.62,3.81,10,5.0
483946,2016,1,23,15:35:11,JAN MAYEN ISLAND REGION,36.35,9.9,35,4.2
483901,2016,1,23,07:53:43,IRAN-IRAQ BORDER REGION,38.07,42.7,5,4.3
483872,2016,1,23,04:00:44,SOUTHERN IRAN,36.72,29.48,27,4.0
483717,2016,1,22,07:22:51,SOUTHERN IRAN,39.27,40.16,14,4.0
483566,2016,1,21,13:47:20,"CRETE, GREECE",35.65,3.76,10,5.0
483238,2016,1,19,19:04:43,"AZORES ISLANDS, PORTUGAL",36.65,26.94,137,4.7
482987,2016,1,18,12:18:32,CENTRAL MEDITERRANEAN SEA,26.86,62.3,47,4.1
482710,2016,1,16,18:55:11,CYPRUS REGION,41.53,14.6,10,4.4
482673,2016,1,16,13:06:39,ICELAND REGION,61.02,28.42,10,4.5
482621,2016,1,16,05:31:15,SOUTHERN IRAN,36.22,54.42,10,4.2
482087,2016,1,13,17:01:30,GULF OF ADEN,36.14,14.67,10,4.2
481809,2016,1,12,02:38:42,SOUTHERN IRAN,39.09,48.21,27,4.6
481559,2016,1,10,17:40:47,SOUTHERN IRAN,39.58,34.36,4,5.0
481212,2016,1,8,13:07:41,EASTERN TURKEY,42.93,18.52,15,4.5
480757,2016,1,6,18:44:46,NORTHERN ALGERIA,39.91,15.45,275,4.4
480598,2016,1,5,23:11:49,CYPRUS REGION,36.53,26.84,148,4.4
480360,2016,1,4,18:00:54,GREECE,38.58,20.6,10,4.6
480264,2016,1,4,03:05:47,JAN MAYEN ISLAND REGION,26.64,55.42,10,4.4
480049,2016,1,2,12:36:24,WESTERN TURKEY,36.46,12.03,2,4.2
479634,2015,12,31,02:43:15,ROMANIA,34.93,23.22,14,4.1
479374,2015,12,29,14:15:53,NORTHERN IRAN,37.42,19.89,10,4.5
478856,2015,12,26,14:19:54,"DODECANESE ISLANDS, GREECE",71.64,3.73,2,4.4
478767,2015,12,26,04:51:48,"CASPIAN SEA, OFFSHR TURKMENISTAN",35.58,31.32,5,4.1
478607,2015,12,25,02:24:35,"CASPIAN SEA, OFFSHR TURKMENISTAN",34.66,25.47,51,4.6
478470,2015,12,24,11:54:20,NORTHERN MID-ATLANTIC RIDGE,73.47,7.49,2,4.8
477993,2015,12,21,20:39:12,NORTH SEA,73.52,7.82,2,4.5
477990,2015,12,21,10:30:44,"SICILY, ITALY",31.82,50.85,10,4.5
477556,2015,12,19,11:14:56,NORTH ATLANTIC OCEAN,38.63,26.6,7,4.0
477021,2015,12,16,20:27:33,BLACK SEA,45.65,26.57,139,4.1
476659,2015,12,14,21:13:24,WESTERN IRAN,39.0,20.64,26,4.2
476263,2015,12,12,15:48:25,"CRETE, GREECE",37.9,43.54,4,4.0
476194,2015,12,12,08:34:47,IRAQ,37.8,21.13,1,4.5
475579,2015,12,9,09:03:34,EASTERN TURKEY,38.83,37.84,17,4.5
474898,2015,12,6,16:24:40,GREECE,42.34,15.08,10,4.5
474809,2015,12,6,05:28:15,ADRIATIC SEA,42.39,15.12,10,4.0
474762,2015,12,6,03:21:43,SOUTHERN IRAN,42.37,15.02,10,4.1
474496,2015,12,4,16:00:14,EASTERN TURKEY,39.27,40.21,5,4.1
474286,2015,12,3,16:42:12,EASTERN TURKEY,39.3,40.17,12,4.0
473980,2015,12,2,15:52:44,AZORES-CAPE ST. VINCENT RIDGE,39.15,28.14,14,4.0
476353,2015,12,1,00:59:21,ROMANIA,60.74,29.11,10,4.4
473319,2015,11,29,08:36:09,CENTRAL TURKEY,38.69,20.48,2,4.3
473193,2015,11,29,00:20:44,OWEN FRACTURE ZONE REGION,38.73,20.64,8,4.2
472792,2015,11,26,18:41:55,OWEN FRACTURE ZONE REGION,14.47,55.1,10,4.9
472616,2015,11,25,21:17:18,GREECE,31.79,49.6,10,5.3
472227,2015,11,24,09:39:05,WESTERN AFGHANISTAN,38.76,20.45,10,4.5
471986,2015,11,23,09:30:02,IRAN-IRAQ BORDER REGION,38.49,20.54,2,4.2
471636,2015,11,21,19:02:00,GREECE,32.79,47.83,40,4.6
471532,2015,11,21,07:16:43,NORTHERN ALGERIA,38.73,20.63,7,4.1
471487,2015,11,21,01:58:25,GREECE,38.6,20.59,14,4.2
471448,2015,11,20,23:37:04,GREECE,38.69,20.4,2,4.6
471204,2015,11,20,05:12:24,GREECE,38.54,20.36,2,4.9
471184,2015,11,20,03:01:55,GREECE,38.74,20.39,10,4.1
470903,2015,11,19,02:47:08,GREECE,38.74,20.49,5,4.0
470779,2015,11,18,14:55:39,GREECE,37.85,29.32,9,4.2
470722,2015,11,18,12:15:38,WESTERN TURKEY,38.9,20.52,2,5.0
470655,2015,11,18,05:18:15,GREECE,38.53,20.39,5,4.5
470600,2015,11,17,23:28:13,GREECE,49.97,19.38,10,4.0
470548,2015,11,17,19:39:34,GREECE,38.7,20.6,8,4.5
470450,2015,11,17,11:57:25,GREECE,38.67,20.45,2,4.6
470414,2015,11,17,09:02:15,GREECE,38.52,20.42,10,4.2
470408,2015,11,17,08:10:06,GREECE,38.63,20.48,2,4.1
470395,2015,11,17,07:18:18,GREECE,38.81,20.64,5,4.2
470353,2015,11,17,03:00:10,TURKMENISTAN,39.52,24.1,12,4.1
470259,2015,11,16,15:45:43,WESTERN SAHARA,40.83,28.76,8,4.3
469966,2015,11,13,20:45:55,SOUTHERN GREECE,78.29,7.61,2,4.7
469479,2015,11,11,23:49:42,CENTRAL TURKEY,37.15,22.16,2,4.1
469049,2015,11,9,14:24:45,SOUTHERN IRAN,38.51,26.34,8,4.0
468568,2015,11,6,23:25:47,FRANCE,37.95,21.48,22,4.3
468275,2015,11,5,01:45:25,EASTERN MEDITERRANEAN SEA,35.94,53.68,10,4.1
468024,2015,11,3,17:43:21,SLOVENIA,44.92,41.53,20,4.5
467650,2015,11,1,06:26:19,"CANARY ISLANDS, SPAIN REGION",41.38,20.22,13,4.8
467564,2015,10,31,15:14:26,ALBANIA,32.39,47.67,20,4.0
467429,2015,10,30,21:48:07,CENTRAL IRAN,28.12,53.35,10,4.2
467165,2015,10,29,09:46:39,POLAND,39.11,43.71,2,4.8
467100,2015,10,29,00:37:46,WESTERN TURKEY,42.24,3.18,10,4.4
466840,2015,10,27,13:14:41,AEGEAN SEA,35.88,23.98,14,4.4
466686,2015,10,26,20:08:00,EASTERN TURKEY,39.77,26.26,7,4.5
466473,2015,10,25,15:46:04,"CRETE, GREECE",37.57,22.04,8,4.3
466212,2015,10,23,18:29:40,IONIAN SEA,37.99,26.84,10,4.1
466058,2015,10,22,21:09:40,CENTRAL IRAN,29.09,57.15,20,4.1
465671,2015,10,20,20:15:26,WESTERN IRAN,35.93,5.62,50,4.3
465634,2015,10,20,15:17:08,SOUTHWESTERN PAKISTAN,30.55,50.34,20,4.1
465334,2015,10,18,21:44:53,SOUTHERN IRAN,57.09,58.95,10,4.1
465002,2015,10,17,00:06:00,GEORGIA (SAK'ART'VELO),28.89,64.39,60,4.5
464791,2015,10,16,00:16:24,"CRETE, GREECE",39.33,15.65,244,4.4
464536,2015,10,14,10:20:53,WESTERN TURKEY,38.95,14.63,287,4.5
464314,2015,10,13,00:13:31,TURKMENISTAN,40.96,47.43,16,4.0
464361,2015,10,12,12:31:25,OWEN FRACTURE ZONE REGION,78.2,8.28,2,4.4
464136,2015,10,12,02:16:09,SOUTHERN IRAN,34.42,26.37,10,4.8
463802,2015,10,9,16:54:29,CENTRAL TURKEY,36.44,1.67,10,4.2
463774,2015,10,9,14:39:18,EASTERN TURKEY,40.67,36.65,23,4.8
463475,2015,10,7,09:25:02,WESTERN TURKEY,45.66,26.86,130,4.2
463292,2015,10,6,06:25:20,NEAR COAST OF LIBYA,34.8,45.08,9,4.0
462917,2015,10,3,21:08:03,SOUTHERN IRAN,38.16,38.97,10,4.1
462795,2015,10,3,02:35:01,JAN MAYEN ISLAND REGION,71.34,4.4,10,4.6
462429,2015,9,30,22:26:38,ROMANIA,28.07,53.63,20,4.3
462182,2015,9,29,09:12:40,"GOLFE DE TADJOURA, DJIBOUTI",34.67,24.53,40,4.8
461973,2015,9,28,05:29:26,GULF OF ADEN,35.02,49.79,8,4.0
461579,2015,9,26,06:15:04,IRAN-IRAQ BORDER REGION,39.92,29.66,10,4.5
461392,2015,9,25,06:10:24,TURKEY-SYRIA BORDER REGION,32.72,46.69,10,4.8
461040,2015,9,23,08:45:21,WESTERN TURKEY,31.58,50.0,10,4.3
460813,2015,9,22,06:25:05,GULF OF ADEN,39.11,29.14,10,4.1
460134,2015,9,18,22:30:28,SOUTHERN IRAN,39.8,30.43,8,4.0
459642,2015,9,16,19:52:14,TURKEY-IRAN BORDER REGION,35.27,27.75,40,4.9
459481,2015,9,16,00:14:36,NORTHERN IRAN,40.42,42.31,11,4.0
459355,2015,9,15,05:04:43,GEORGIA (SAK'ART'VELO),34.62,24.96,10,4.4
459130,2015,9,13,14:08:23,WESTERN TURKEY,10.24,57.03,40,4.8
459048,2015,9,13,01:04:35,SOUTHERN IRAN,43.62,11.16,5,4.0
458714,2015,9,11,02:38:21,NEAR THE COAST OF WESTERN TURKEY,27.53,56.71,20,4.3
458518,2015,9,9,19:30:15,SOUTHERN IRAN,51.55,16.19,2,4.0
458145,2015,9,7,09:59:33,EASTERN TURKEY,35.27,23.26,50,4.1
457611,2015,9,4,04:49:38,WESTERN TURKEY,40.97,47.43,15,5.4
457428,2015,9,3,01:44:39,OWEN FRACTURE ZONE REGION,30.51,28.44,10,4.5
457280,2015,9,2,01:13:53,TURKEY-SYRIA-IRAQ BORDER REGION,14.07,53.97,10,4.8
457242,2015,9,1,13:26:29,WESTERN TURKEY,70.22,15.33,10,4.4
456928,2015,8,30,14:38:42,SOUTHERN GREECE,37.15,57.92,10,4.9
456847,2015,8,29,20:25:14,SLOVENIA,38.39,12.14,10,4.6
456817,2015,8,29,18:12:50,DJIBOUTI,36.31,27.71,83,4.0
456650,2015,8,28,10:53:47,"CRETE, GREECE",28.61,52.77,10,4.0
456394,2015,8,27,00:25:09,SOUTHERN IRAN,34.36,25.53,60,4.6
456389,2015,8,26,23:01:44,GREECE,37.33,36.93,9,4.2
456319,2015,8,26,13:20:25,NORTHERN IRAN,30.89,56.96,10,4.1
456136,2015,8,25,06:17:10,NORTHERN IRAN,31.51,56.22,10,4.0
456050,2015,8,24,16:09:14,GREECE,36.98,30.66,100,4.2
455889,2015,8,23,13:36:34,CENTRAL TURKEY,36.9,55.13,10,4.0
455740,2015,8,22,02:54:18,EASTERN IRAN,36.48,1.55,10,4.0
455465,2015,8,20,02:56:47,CYPRUS REGION,38.12,20.38,12,4.1
455317,2015,8,18,21:19:44,IRAN-IRAQ BORDER REGION,35.54,31.3,55,4.8
455183,2015,8,17,17:36:02,GULF OF ADEN,36.39,55.33,2,4.4
455108,2015,8,17,05:49:51,"CAUCASUS REGION, RUSSIA",33.34,27.71,10,4.3
455005,2015,8,16,06:29:08,NORTHERN MID-ATLANTIC RIDGE,46.74,27.36,10,4.5
454706,2015,8,13,18:42:13,"CRETE, GREECE",35.23,51.84,2,4.1
454498,2015,8,11,22:46:14,WESTERN UZBEKISTAN,71.9,1.4,10,4.5
454363,2015,8,10,19:02:37,NORTHERN IRAN,27.23,54.74,10,4.2
454267,2015,8,9,22:30:59,GREECE,35.39,22.42,45,4.3
454157,2015,8,8,22:46:24,GREECE,38.55,14.26,14,4.1
454113,2015,8,8,14:08:55,NORTHWESTERN IRAN,40.69,64.19,10,4.6
453859,2015,8,6,15:03:58,SPAIN,53.07,1.99,10,4.2
453332,2015,8,3,07:27:48,SOUTHERN ITALY,39.16,16.53,26,4.4
453042,2015,7,31,16:04:44,EASTERN IRAN,34.82,24.2,48,4.1
452901,2015,7,30,23:37:12,CYPRUS REGION,67.12,20.66,15,4.1
452789,2015,7,30,02:39:05,CENTRAL TURKEY,31.36,35.45,10,4.3
452665,2015,7,29,03:12:39,WESTERN TURKEY,25.58,64.73,10,4.7
452391,2015,7,27,06:58:22,CENTRAL MEDITERRANEAN SEA,41.51,45.66,5,4.1
452302,2015,7,26,18:40:42,WESTERN TURKEY,40.46,23.96,12,4.4
452166,2015,7,25,16:10:43,WESTERN MEDITERRANEAN SEA,30.06,57.75,10,4.7
452004,2015,7,24,09:58:32,WESTERN TURKEY,36.58,26.8,155,5.0
451958,2015,7,24,02:39:43,WESTERN TURKEY,40.24,26.29,11,4.7
451835,2015,7,23,02:20:36,NORTHERN ITALY,28.27,52.91,16,4.2
451632,2015,7,21,16:29:16,POLAND,34.7,32.9,15,4.3
451156,2015,7,18,05:23:04,EASTERN TURKEY,72.51,2.93,3,5.0
450728,2015,7,15,08:30:37,NORTHERN ALGERIA,43.29,28.41,15,4.3
450553,2015,7,13,23:44:43,ROMANIA,11.73,46.34,9,4.5
450533,2015,7,13,16:52:28,GULF OF ADEN,12.1,46.23,10,4.8
450491,2015,7,13,11:30:49,GULF OF ADEN,11.79,46.38,10,4.6
450486,2015,7,13,11:12:56,ICELAND REGION,11.69,46.41,10,4.7
450394,2015,7,12,16:10:10,IRAQ,37.8,21.79,18,4.4
450217,2015,7,11,03:10:28,DODECANESE IS.-TURKEY BORDER REG,35.51,0.23,10,4.2
449982,2015,7,9,07:00:48,WESTERN TURKEY,28.97,58.36,30,4.0
449840,2015,7,8,06:53:18,WESTERN IRAN,51.61,16.12,1,4.4
449658,2015,7,6,21:34:04,MONTENEGRO,36.08,21.37,46,4.6
449538,2015,7,6,01:03:48,IONIAN SEA,38.24,26.6,19,4.1
449495,2015,7,5,14:26:48,SVALBARD REGION,45.7,26.65,133,4.0
449296,2015,7,4,00:44:37,SOUTHERN IRAN,14.41,56.38,10,5.1
449215,2015,7,3,05:45:10,WESTERN TURKEY,35.92,53.03,8,4.0
448940,2015,7,1,06:43:24,ICELAND REGION,28.31,57.52,10,4.2
448909,2015,7,1,02:25:42,ICELAND REGION,63.82,23.22,10,5.0
448888,2015,6,30,22:06:42,"CRETE, GREECE",63.78,23.98,10,4.6
448805,2015,6,30,07:55:31,JAN MAYEN ISLAND REGION,36.65,49.91,8,4.1
448807,2015,6,30,06:32:20,SOUTHERN GREECE,71.1,7.97,25,4.1
448784,2015,6,30,04:47:50,ROMANIA,38.58,29.82,10,4.0
448726,2015,6,29,17:52:15,GREECE,40.54,52.06,30,4.0
448480,2015,6,27,15:34:02,SOUTHERN IRAN,28.95,34.69,10,5.5
448113,2015,6,25,01:21:24,RED SEA,17.32,40.49,10,4.6
448016,2015,6,24,08:37:16,EASTERN TURKEY,36.6,26.98,133,4.6
447860,2015,6,22,16:54:45,POLAND,70.82,7.06,29,4.1
447569,2015,6,20,19:52:46,NORWEGIAN SEA,34.3,26.14,45,4.9
447166,2015,6,18,01:52:57,CENTRAL IRAN,34.88,26.75,5,4.2
446930,2015,6,16,13:50:37,AZERBAIJAN,43.22,47.75,2,4.0
446621,2015,6,14,05:32:28,EASTERN IRAN,38.41,29.2,10,4.8
446334,2015,6,12,06:57:51,ICELAND REGION,28.14,57.24,10,4.5
445905,2015,6,9,21:49:48,GREENLAND SEA,34.96,26.68,25,5.4
445871,2015,6,9,17:28:08,ERITREA,74.67,8.91,10,4.5
445761,2015,6,9,01:09:03,"CRETE, GREECE",38.65,23.4,8,5.3
445274,2015,6,4,21:42:39,FRANCE,36.79,20.57,10,4.1
445220,2015,6,4,12:17:06,AZERBAIJAN,59.87,29.94,10,5.1
445033,2015,6,3,09:35:47,GREECE,40.93,48.56,4,4.6
444854,2015,6,2,07:31:32,GREECE,72.43,2.02,10,5.1
444775,2015,6,1,14:54:18,NORTH OF SVALBARD,37.5,43.82,30,4.0
444689,2015,6,1,00:31:59,SOUTHERN IRAN,42.85,18.65,17,4.1
444449,2015,5,30,06:48:27,CENTRAL ITALY,11.67,43.23,2,4.6
444275,2015,5,29,08:02:51,CENTRAL IRAN,36.92,27.61,2,4.0
444225,2015,5,29,00:03:46,"CRETE, GREECE",34.84,26.76,4,4.4
444172,2015,5,28,12:56:40,GREECE,35.08,26.65,10,4.2
443813,2015,5,26,01:20:36,EASTERN IRAN,40.77,46.69,22,4.6
443546,2015,5,24,06:00:33,"CRETE, GREECE",38.05,15.95,60,4.0
443241,2015,5,22,06:31:16,"DODECANESE ISLANDS, GREECE",37.67,19.84,10,4.2
443215,2015,5,22,01:52:16,WESTERN IRAN,51.33,1.33,10,4.2
443150,2015,5,21,15:31:18,SOUTHERN IRAN,37.68,19.85,15,4.5
442863,2015,5,19,20:26:48,"CANARY ISLANDS, SPAIN REGION",37.53,57.76,10,4.4
442728,2015,5,19,01:45:18,"CRETE, GREECE",38.61,55.46,2,4.0
442692,2015,5,18,20:41:02,SOUTHERN GREECE,34.61,25.03,51,4.4
442481,2015,5,17,11:16:51,"CRETE, GREECE",23.91,61.35,10,5.2
442384,2015,5,16,18:43:15,MONTENEGRO,35.04,26.85,10,4.2
441999,2015,5,14,16:01:18,SOUTHERN IRAN,23.94,61.3,0,5.4
441820,2015,5,13,14:35:19,CENTRAL TURKEY,26.87,62.5,40,4.4
441407,2015,5,11,09:56:35,IONIAN SEA,36.03,4.16,10,4.2
441368,2015,5,11,05:01:59,NORTH ATLANTIC OCEAN,34.92,26.89,10,4.5
441321,2015,5,10,22:08:59,"CRETE, GREECE",36.76,50.04,2,4.6
441273,2015,5,10,15:50:41,NORTHEASTERN IRAN,30.39,49.76,10,4.3
441004,2015,5,9,08:22:42,CENTRAL TURKEY,38.58,15.38,212,4.8
440805,2015,5,8,03:27:01,SOUTHERN IRAN,32.15,55.77,10,4.0
440401,2015,5,6,04:17:43,"CRETE, GREECE",34.49,25.05,15,4.1
440349,2015,5,5,21:28:32,EASTERN MEDITERRANEAN SEA,35.38,58.52,10,4.9
440147,2015,5,4,17:47:16,IRAN-PAKISTAN BORDER REGION,12.31,48.12,10,4.5
440025,2015,5,4,04:07:32,OFF COAST OF PAKISTAN,34.19,25.04,10,4.7
439791,2015,5,2,12:45:58,"CRETE, GREECE",40.9,32.52,5,4.0
439447,2015,4,30,06:29:57,SOUTHERN IRAN,38.47,29.25,10,4.7
439268,2015,4,29,04:40:54,SOUTHERN IRAN,42.04,29.3,20,4.1
439189,2015,4,28,16:16:50,EASTERN TURKEY,44.55,17.58,10,4.1
439126,2015,4,28,07:59:28,"CRETE, GREECE",37.06,28.53,7,4.2
438961,2015,4,27,05:34:32,SOUTHERN IRAN,26.43,53.52,30,4.8
438744,2015,4,26,01:05:28,"AZORES ISLANDS, PORTUGAL",30.36,49.75,10,4.3
438431,2015,4,24,15:02:54,"CRETE, GREECE",44.23,11.9,21,4.1
438138,2015,4,22,22:17:33,"CRETE, GREECE",34.91,26.87,10,4.2
438105,2015,4,22,15:55:36,OWEN FRACTURE ZONE REGION,38.08,20.34,10,4.1
437907,2015,4,21,09:37:31,"CRETE, GREECE",34.92,26.81,10,4.5
437842,2015,4,21,01:32:59,SOUTHERN IRAN,35.05,26.93,2,4.0
437697,2015,4,20,09:26:07,"CRETE, GREECE",28.15,52.45,5,4.1
437620,2015,4,19,23:36:48,CENTRAL MEDITERRANEAN SEA,35.02,26.88,10,4.4
437598,2015,4,19,22:02:22,SOUTHERN IRAN,38.49,29.15,20,4.5
437386,2015,4,18,16:46:49,SOUTHERN GREECE,36.48,23.19,14,4.7
437257,2015,4,17,22:16:22,"CRETE, GREECE",50.29,18.92,10,4.0
437206,2015,4,17,16:39:43,"CRETE, GREECE",34.86,26.72,30,4.5
437135,2015,4,17,10:23:43,"CRETE, GREECE",34.89,26.76,10,4.5
437050,2015,4,17,01:50:43,"CRETE, GREECE",34.98,26.83,2,4.2
437006,2015,4,16,21:52:22,"CRETE, GREECE",35.0,26.97,10,4.3
436974,2015,4,16,20:01:12,"CRETE, GREECE",35.03,26.8,10,4.1
436964,2015,4,16,18:52:37,"CRETE, GREECE",34.92,26.83,25,4.9
436953,2015,4,16,18:14:17,"CRETE, GREECE",35.13,26.66,2,4.1
436765,2015,4,15,16:57:02,CYPRUS REGION,38.88,15.49,256,4.3
436700,2015,4,15,08:25:13,GULF OF ADEN,34.74,32.39,20,5.5
436551,2015,4,14,08:00:07,AEGEAN SEA,34.54,26.58,60,4.5
436303,2015,4,12,16:48:17,BOSNIA AND HERZEGOVINA,27.36,53.04,10,4.8
435964,2015,4,10,10:13:47,SOUTHERN IRAN,28.36,51.85,19,4.0
435872,2015,4,9,20:50:04,"DODECANESE ISLANDS, GREECE",35.49,31.17,50,4.2
435457,2015,4,7,02:39:42,"CASPIAN SEA, OFFSHR TURKMENISTAN",38.16,20.48,2,4.0
435379,2015,4,6,16:42:35,ARMENIA,35.31,27.57,51,4.5
435213,2015,4,5,06:25:03,GREECE,29.34,51.42,10,4.0
434959,2015,4,3,08:19:57,ALBANIA,13.5,51.34,2,4.5
434863,2015,4,2,18:37:51,SOUTHEASTERN IRAN,40.89,22.26,2,4.2
434657,2015,4,1,07:33:53,GREECE,44.33,16.41,2,4.1
434463,2015,3,30,21:23:47,AZERBAIJAN,32.48,48.18,10,4.4
434399,2015,3,30,09:54:01,CENTRAL IRAN,40.9,48.55,6,4.2
434354,2015,3,30,06:45:24,SOUTHERN IRAN,32.17,55.78,8,4.0
434200,2015,3,29,00:44:58,DODECANESE IS.-TURKEY BORDER REG,45.62,26.46,142,4.5
434111,2015,3,28,10:08:15,"CASPIAN SEA, OFFSHR TURKMENISTAN",37.48,36.41,6,4.1
434056,2015,3,27,23:34:54,WESTERN TURKEY,35.63,26.59,80,5.2
433809,2015,3,26,12:00:41,NORTHERN ALGERIA,39.28,24.75,12,4.2
433252,2015,3,23,01:58:25,"CASPIAN SEA, OFFSHR TURKMENISTAN",36.49,3.04,24,4.2
433095,2015,3,21,22:55:58,NORTHERN ALGERIA,35.68,5.59,10,4.8
433225,2015,3,21,11:23:36,NORTHERN ALGERIA,28.99,47.57,15,4.4
432406,2015,3,18,03:21:44,NEAR THE COAST OF YEMEN,13.04,51.51,2,4.6
432347,2015,3,17,21:14:12,NORTHERN ALGERIA,35.63,5.58,10,4.6
432259,2015,3,17,10:11:15,NORTHERN ALGERIA,36.37,26.58,165,4.4
432165,2015,3,16,20:09:33,ROMANIA,36.46,27.92,2,4.2
432103,2015,3,16,11:18:38,NORTHERN ALGERIA,37.39,20.14,40,4.5
431946,2015,3,15,06:33:13,SOUTHERN GREECE,36.85,11.05,27,4.7
431623,2015,3,13,06:00:35,"DODECANESE ISLANDS, GREECE",27.56,57.38,7,4.1
431443,2015,3,12,00:42:35,"DODECANESE ISLANDS, GREECE",38.44,49.2,66,4.6
431264,2015,3,10,21:32:27,SERBIA,26.58,58.02,10,4.2
430936,2015,3,8,18:43:32,"DODECANESE ISLANDS, GREECE",30.04,56.53,10,4.3
430587,2015,3,6,06:00:50,MOROCCO,40.69,52.06,60,4.1
430542,2015,3,5,22:54:48,SOUTHERN IRAN,27.99,56.92,10,5.3
430254,2015,3,4,00:00:04,WESTERN IRAN,43.6,11.18,9,4.0
429967,2015,3,2,04:12:47,EASTERN MEDITERRANEAN SEA,36.25,54.1,2,4.2
429702,2015,2,28,08:24:24,SOUTHERN ITALY,43.64,18.42,2,4.1
429628,2015,2,27,22:25:07,EGYPT,38.68,26.44,10,4.1
429497,2015,2,27,06:25:49,ROMANIA,33.61,60.7,10,4.0
429469,2015,2,27,02:24:47,WESTERN IRAN,33.63,60.8,2,4.5
429017,2015,2,24,13:11:24,GULF OF ADEN,13.0,51.16,10,4.8
428843,2015,2,23,16:16:29,GULF OF ADEN,39.04,2.65,10,4.8
428780,2015,2,23,08:04:49,NORTHERN ALGERIA,40.93,46.21,10,4.3
428330,2015,2,20,18:16:26,SOUTHERN IRAN,27.05,54.77,30,4.5
427805,2015,2,17,13:41:37,ALBANIA,29.94,57.79,2,4.5
427628,2015,2,16,11:52:45,"CAUCASUS REGION, RUSSIA",37.21,30.0,10,4.8
427462,2015,2,15,08:04:43,EASTERN MEDITERRANEAN SEA,32.79,47.0,49,4.7
427295,2015,2,14,07:50:39,ICELAND,35.65,22.0,49,4.3
427059,2015,2,13,01:00:45,WESTERN TURKEY,30.15,57.54,2,4.3
426615,2015,2,10,05:31:34,CENTRAL TURKEY,34.6,28.46,30,4.4
426603,2015,2,10,03:25:01,ICELAND,35.7,40.46,40,4.4
426578,2015,2,9,22:52:49,STRAIT OF GIBRALTAR,39.36,40.12,15,4.1
426435,2015,2,9,01:12:36,FYR OF MACEDONIA,40.26,48.31,46,4.0
426176,2015,2,7,01:56:22,"SICILY, ITALY",41.85,20.14,10,4.6
426046,2015,2,6,03:48:12,SERBIA,64.69,17.94,2,4.6
425971,2015,2,5,16:17:46,BULGARIA,34.74,25.41,10,4.4
425864,2015,2,5,03:36:05,SOUTHERN IRAN,40.71,51.96,10,4.1
425702,2015,2,4,04:21:30,EASTERN TURKEY,27.93,52.72,15,4.2
425606,2015,2,3,07:52:58,SOUTHERN IRAN,27.93,52.73,17,4.3
425578,2015,2,3,05:56:30,ICELAND,50.65,34.21,10,4.6
425404,2015,2,2,04:41:04,NORTHERN ALGERIA,40.3,26.02,10,4.3
425339,2015,2,1,20:06:36,NORTHERN ALGERIA,36.51,3.01,10,4.6
425213,2015,1,31,20:12:19,NORTHERN IRAN,28.06,51.85,18,4.0
424911,2015,1,30,00:45:50,ICELAND,46.37,13.17,10,4.2
424883,2015,1,29,19:12:25,MOROCCO,23.56,49.21,15,4.3
424745,2015,1,28,22:51:59,"CRETE, GREECE",45.64,26.49,128,4.1
424616,2015,1,28,06:52:18,POLAND,28.06,57.16,5,4.0
424550,2015,1,27,21:07:26,NORTHWESTERN IRAN,27.44,56.34,2,4.3
424256,2015,1,26,03:30:14,SOUTHERN IRAN,41.36,48.94,49,4.9
424195,2015,1,25,18:27:20,ROMANIA,64.67,17.66,10,4.3
423993,2015,1,24,07:25:51,NORTHWESTERN IRAN,64.66,17.47,10,4.5
423851,2015,1,23,10:19:42,NORTHERN ITALY,40.06,28.59,5,4.6
423766,2015,1,23,03:07:07,"CAUCASUS REGION, RUSSIA",64.75,17.06,10,4.4
423731,2015,1,22,19:27:46,"DODECANESE ISLANDS, GREECE",37.44,36.31,7,4.1
423583,2015,1,22,00:39:15,EASTERN TURKEY,73.35,6.44,2,5.1
423422,2015,1,21,01:30:08,ICELAND,42.74,20.35,8,4.4
423349,2015,1,20,11:22:59,ICELAND,64.54,18.07,10,4.4
423273,2015,1,19,23:53:07,NEAR THE COAST OF WESTERN TURKEY,45.88,27.15,40,4.1
423231,2015,1,19,15:05:48,GREENLAND SEA,73.29,6.21,2,4.7
423222,2015,1,19,12:45:11,GREENLAND SEA,73.31,6.25,2,5.4
423213,2015,1,19,11:53:55,GREENLAND SEA,38.05,46.67,2,4.0
423175,2015,1,19,06:31:13,ICELAND,73.3,6.52,2,4.5
423039,2015,1,18,07:35:52,TURKMENISTAN,64.72,17.51,10,4.6
422936,2015,1,17,11:42:07,SOUTHERN IRAN,30.68,51.48,2,4.5
422868,2015,1,17,00:42:34,ICELAND,39.88,30.4,6,4.3
422664,2015,1,15,12:11:43,ICELAND,45.02,44.79,10,4.2
422480,2015,1,14,09:48:04,ROMANIA,32.86,46.95,10,4.5
422376,2015,1,13,17:52:00,ICELAND,64.62,17.45,8,4.7
422309,2015,1,13,11:19:10,ICELAND,36.39,22.6,72,4.7
422139,2015,1,12,06:08:31,ICELAND,45.53,27.04,18,4.4
422070,2015,1,11,20:34:31,SOUTHERN IRAN,77.42,7.25,2,5.1
422019,2015,1,11,05:27:35,ICELAND,64.82,17.23,2,4.6
421901,2015,1,10,17:03:08,"CRETE, GREECE",28.71,51.94,10,5.0
421812,2015,1,10,04:32:08,ICELAND,38.21,27.05,14,4.0
421264,2015,1,8,18:44:46,ICELAND,37.05,36.89,2,4.6
420336,2015,1,7,23:00:58,SOUTHERN IRAN,39.31,46.1,2,4.0
418140,2015,1,6,22:16:44,WESTERN IRAN,36.97,34.4,5,4.0
416547,2015,1,6,09:23:31,ICELAND,71.6,3.01,2,4.2
416360,2015,1,5,13:42:37,NORTHERN IRAN,28.62,51.98,10,4.8
416349,2015,1,5,11:54:00,"AZORES ISLANDS, PORTUGAL",34.81,26.3,10,4.6
416273,2015,1,5,02:37:48,ROMANIA,32.87,47.26,10,4.1
416217,2015,1,4,13:58:04,ICELAND,64.44,60.64,10,4.4
416010,2015,1,3,03:39:34,ICELAND,45.78,26.68,79,4.3
415961,2015,1,2,17:39:09,SOUTHERN ITALY,64.59,17.88,10,4.5
415892,2015,1,2,06:16:30,"CRETE, GREECE",37.51,20.49,10,4.6
415851,2015,1,1,19:48:04,WESTERN MEDITERRANEAN SEA,41.5,14.3,324,4.5
415789,2015,1,1,08:49:54,ICELAND,28.77,51.88,10,5.1
415630,2014,12,31,04:49:58,SOUTHERN IRAN,38.18,22.51,1,4.0
415565,2014,12,30,20:54:16,NORTHERN IRAN,64.59,17.71,10,4.0
415472,2014,12,30,05:23:04,SOUTHERN IRAN,28.76,51.83,10,4.6
415435,2014,12,30,00:11:13,ADRIATIC SEA,64.69,17.74,2,4.9
415386,2014,12,29,14:32:28,NEAR THE COAST OF WESTERN TURKEY,64.6,17.8,10,4.3
415288,2014,12,28,23:18:50,SOUTHERN ITALY,67.09,18.87,10,4.5
415221,2014,12,28,12:43:53,GREECE,35.52,28.42,30,4.2
415129,2014,12,27,14:49:37,EASTERN GREENLAND,64.61,17.48,10,4.3
415001,2014,12,26,17:55:18,ICELAND,36.51,3.01,12,4.7
414773,2014,12,24,22:41:18,SOUTHERN ITALY,43.76,21.75,2,4.0
414695,2014,12,23,22:23:48,IRAQ,64.72,17.54,10,4.4
414552,2014,12,23,11:35:40,NORTHERN ALGERIA,64.54,17.82,10,4.4
414520,2014,12,23,08:00:21,ICELAND,36.44,3.02,8,4.7
414425,2014,12,22,16:27:34,ICELAND,45.58,26.4,150,4.0
414285,2014,12,21,17:53:58,ICELAND,36.58,2.88,10,4.1
414107,2014,12,20,18:31:26,GREECE,36.52,3.12,19,4.1
413823,2014,12,19,11:12:41,NORTHERN ALGERIA,36.51,2.95,10,4.2
413795,2014,12,19,10:36:32,CENTRAL ITALY,43.66,11.13,10,4.4
413717,2014,12,19,01:48:10,OWEN FRACTURE ZONE REGION,32.5,47.77,10,4.4
413479,2014,12,17,13:58:51,NORTHERN ALGERIA,64.71,17.83,2,5.3
413294,2014,12,16,09:02:13,ICELAND,40.15,27.07,9,4.4
413172,2014,12,15,07:08:49,NORTHWESTERN IRAN,64.56,18.0,10,4.4
413072,2014,12,14,14:33:31,REYKJANES RIDGE,40.46,15.17,307,4.3
412978,2014,12,13,22:37:18,ICELAND,11.43,41.67,10,4.6
412869,2014,12,13,02:34:21,SOUTHERN IRAN,64.59,17.39,2,4.5
412748,2014,12,12,08:25:38,POLAND,45.74,26.78,120,4.0
412687,2014,12,11,22:24:22,ICELAND,38.42,20.39,25,4.6
412595,2014,12,11,05:30:05,OWEN FRACTURE ZONE REGION,36.66,20.9,10,4.0
412377,2014,12,9,18:00:07,ICELAND,64.69,17.48,10,4.8
412237,2014,12,8,20:57:48,SOUTHERN IRAN,64.46,17.89,2,4.4
412100,2014,12,7,21:04:05,ICELAND,45.91,27.17,38,4.5
412059,2014,12,7,12:59:52,ICELAND,39.33,22.64,15,4.0
411879,2014,12,6,08:36:47,NEAR THE COAST OF WESTERN TURKEY,38.89,26.23,10,4.1
411842,2014,12,6,01:45:06,ICELAND,38.94,26.22,1,5.1
411714,2014,12,5,03:03:53,NORTHERN IRAN,64.61,17.93,2,4.5
411696,2014,12,5,00:20:27,NEAR THE COAST OF WESTERN TURKEY,28.37,57.13,12,4.1
411562,2014,12,4,05:35:25,AEGEAN SEA,35.88,29.25,30,4.0
411275,2014,12,2,02:18:31,"CRETE, GREECE",64.68,17.77,2,5.3
411212,2014,12,1,14:29:20,ICELAND,64.62,17.48,1,4.3
411161,2014,12,1,05:25:15,POLAND,64.63,17.7,10,4.3
411107,2014,11,30,16:01:02,ICELAND,37.37,26.82,2,4.0
411041,2014,11,30,04:16:42,ICELAND,64.57,17.84,10,4.5
410995,2014,11,29,17:31:19,ICELAND,32.53,47.94,2,4.5
410913,2014,11,29,01:51:52,ICELAND,64.33,17.32,2,4.5
410814,2014,11,28,06:14:06,WESTERN TURKEY,64.86,17.6,2,4.7
410650,2014,11,27,00:35:13,ICELAND,64.7,17.66,10,4.3
410603,2014,11,26,13:14:28,DODECANESE IS.-TURKEY BORDER REG,64.52,17.72,8,4.6
410466,2014,11,26,00:04:47,ICELAND,39.35,29.02,7,4.1
410383,2014,11,25,10:21:22,JAN MAYEN ISLAND REGION,64.44,17.45,10,4.4
410363,2014,11,25,09:01:53,"CAUCASUS REGION, RUSSIA",71.75,2.66,2,4.5
410216,2014,11,24,09:16:28,ICELAND,38.8,25.7,4,4.0
410196,2014,11,24,07:20:32,STRAIT OF HORMUZ,38.34,20.35,2,4.3
410069,2014,11,23,09:22:48,ICELAND,64.59,17.59,2,4.9
410003,2014,11,22,19:14:17,SOUTHERN IRAN,45.87,27.16,39,5.6
409884,2014,11,21,22:21:14,ICELAND,64.73,16.91,10,4.5
409617,2014,11,20,07:44:16,ICELAND,64.66,17.61,2,4.4
409571,2014,11,19,22:43:20,JAN MAYEN ISLAND REGION,64.63,17.34,10,4.3
409472,2014,11,19,12:24:26,GREECE,64.67,17.38,1,4.0
409394,2014,11,19,00:29:37,ICELAND,64.6,17.73,2,4.5
409368,2014,11,18,18:21:38,GREECE,64.62,17.73,10,4.3
409183,2014,11,18,00:54:00,GREECE,38.62,23.45,2,4.1
409160,2014,11,17,23:09:03,GREECE,38.65,23.43,1,5.3
409110,2014,11,17,17:16:57,ICELAND REGION,72.47,1.99,2,4.6
408963,2014,11,16,16:05:12,SOUTHERN IRAN,64.55,17.79,10,4.5
408873,2014,11,16,05:13:04,ICELAND,28.21,56.47,10,4.7
408849,2014,11,15,22:29:24,DODECANESE IS.-TURKEY BORDER REG,27.64,53.96,10,4.0
408825,2014,11,15,19:56:23,ICELAND,28.3,55.37,30,4.8
408738,2014,11,15,07:30:15,NORTHERN ALGERIA,39.34,29.03,7,4.0
408579,2014,11,14,11:25:49,WESTERN IRAN,64.65,17.29,1,5.4
408494,2014,11,13,23:08:48,SOUTHERN ITALY,64.66,17.61,5,4.6
408470,2014,11,13,20:46:21,GREECE,64.73,17.58,10,4.5
408349,2014,11,13,01:18:29,SOUTHERN IRAN,64.68,17.88,2,4.5
408320,2014,11,12,19:59:42,CYPRUS REGION,11.55,57.81,10,5.0
408235,2014,11,12,06:31:38,ICELAND,38.3,20.46,10,4.3
408101,2014,11,11,10:05:46,ICELAND,27.81,56.02,40,5.0
408055,2014,11,11,01:49:51,ICELAND,64.65,17.4,2,4.6
408018,2014,11,10,20:48:17,SOUTHERN IRAN,39.35,19.43,10,4.1
407932,2014,11,10,09:20:44,WESTERN TURKEY,37.08,28.69,7,4.4
407864,2014,11,9,23:24:36,ICELAND,34.59,26.57,48,4.5
407769,2014,11,9,07:58:05,ICELAND,27.76,54.27,9,4.0
407723,2014,11,8,23:15:42,ICELAND,38.15,20.33,4,5.1
407578,2014,11,8,00:56:31,GREECE,64.65,17.65,2,4.4
407449,2014,11,7,07:41:39,ICELAND,38.15,20.4,10,4.9
407329,2014,11,6,18:43:33,ICELAND,27.13,55.18,10,4.6
407270,2014,11,6,10:13:39,NORTHERN IRAN,64.44,17.82,10,4.4
407218,2014,11,6,01:14:29,RED SEA,27.9,54.28,2,4.0
407258,2014,11,5,18:19:46,GREECE,64.68,17.63,10,4.4
407039,2014,11,4,23:21:22,ICELAND,64.61,17.8,2,4.5
407107,2014,11,4,20:45:29,NEAR THE COAST OF YEMEN,64.61,17.7,10,4.4
406974,2014,11,4,12:33:49,ICELAND,71.84,1.17,2,4.9
406872,2014,11,3,13:09:59,"MADEIRA ISLANDS, PORTUGAL REGION",45.57,26.4,119,4.5
406770,2014,11,2,18:32:08,ICELAND,35.9,4.57,60,4.4
406746,2014,11,2,11:55:17,ICELAND,27.31,54.87,10,4.1
406685,2014,11,2,01:46:23,ICELAND,29.27,60.25,10,4.2
406625,2014,11,1,15:42:46,ICELAND,64.55,17.94,40,4.1
406574,2014,11,1,05:59:14,ROMANIA,64.59,17.87,10,4.0
406516,2014,10,31,21:32:25,ICELAND,64.69,17.93,2,5.0
406492,2014,10,31,18:57:12,ICELAND,64.63,17.75,10,4.2
406384,2014,10,30,19:21:51,EASTERN TURKEY,64.8,17.74,10,4.1
406334,2014,10,30,09:43:59,ICELAND,64.67,17.43,1,4.4
406299,2014,10,30,02:08:02,ICELAND,64.58,17.83,10,4.3
406181,2014,10,29,05:23:40,ICELAND,64.47,18.02,10,4.6
406107,2014,10,28,16:15:19,NORTHERN MID-ATLANTIC RIDGE,49.59,28.52,10,4.7
406108,2014,10,28,13:01:53,GREECE,64.49,17.49,7,4.4
406054,2014,10,28,08:19:04,ICELAND,28.55,52.99,8,4.9
406041,2014,10,28,04:54:52,NORTHEASTERN IRAN,64.6,17.6,10,4.5
406051,2014,10,27,17:36:05,ICELAND,64.65,17.81,2,4.1
405872,2014,10,26,19:35:24,ICELAND,32.63,47.47,2,4.5
405795,2014,10,26,03:54:08,POLAND,32.54,47.98,8,4.0
405780,2014,10,26,01:19:05,"CRETE, GREECE",41.12,29.42,10,4.6
405773,2014,10,25,23:55:33,SOUTHERN IRAN,64.69,17.52,2,4.5
405688,2014,10,25,12:10:34,ICELAND,64.7,17.45,2,4.4
405605,2014,10,24,23:43:15,ICELAND,38.92,21.13,1,5.3
405566,2014,10,24,12:38:58,ICELAND,27.79,57.38,30,5.2
405556,2014,10,24,10:20:43,ICELAND,64.68,17.64,10,4.2
405455,2014,10,23,13:07:09,ICELAND,64.49,17.82,10,4.2
405412,2014,10,23,06:27:02,ICELAND,64.66,17.51,10,4.6
405319,2014,10,22,17:11:05,ICELAND,40.41,30.1,8,4.5
405264,2014,10,22,09:11:51,ICELAND,64.73,17.48,5,4.7
405220,2014,10,21,22:46:59,ICELAND,27.36,57.47,10,4.4
405157,2014,10,21,12:01:46,ICELAND,39.98,39.65,15,4.0
405127,2014,10,21,08:34:49,WESTERN TURKEY,64.62,17.5,8,4.6
405071,2014,10,20,22:18:25,EASTERN MEDITERRANEAN SEA,64.73,17.62,10,4.3
405036,2014,10,20,13:31:08,ICELAND,64.67,17.22,2,4.5
405008,2014,10,20,12:56:12,ICELAND,86.27,34.51,2,4.6
404968,2014,10,20,05:21:24,ICELAND,64.66,17.57,2,4.2
404927,2014,10,19,20:07:37,WESTERN IRAN,64.61,17.12,10,4.3
404893,2014,10,19,13:31:53,WESTERN UZBEKISTAN,64.65,17.61,10,4.4
404846,2014,10,19,03:22:08,GREENLAND SEA,64.83,17.5,10,4.6
404817,2014,10,18,20:17:07,EASTERN MEDITERRANEAN SEA,64.58,17.89,10,4.2
404761,2014,10,18,09:40:13,ICELAND,64.79,17.35,4,5.3
404664,2014,10,17,16:19:34,ICELAND,64.42,17.87,10,4.2
404579,2014,10,17,01:58:54,ICELAND,64.72,17.72,10,4.4
404509,2014,10,16,17:59:52,IRAN-IRAQ BORDER REGION,37.88,21.44,22,4.3
404500,2014,10,16,16:10:37,EASTERN MEDITERRANEAN SEA,64.67,17.51,10,4.6
404466,2014,10,16,10:05:15,"CRETE, GREECE",32.7,47.72,10,4.3
404436,2014,10,16,06:10:36,ICELAND,35.87,30.93,54,4.2
404403,2014,10,16,00:27:15,IRAN-IRAQ BORDER REGION,32.66,47.87,10,4.7
404389,2014,10,15,22:31:42,SOUTHERN IRAN,32.41,47.97,10,4.7
404371,2014,10,15,19:02:09,IRAN-IRAQ BORDER REGION,32.49,47.93,10,4.0
404338,2014,10,15,13:35:54,ICELAND,32.56,47.84,10,5.8
404307,2014,10,15,08:24:59,WESTERN UZBEKISTAN,32.76,47.58,10,4.0
404242,2014,10,14,21:56:55,ICELAND,64.63,17.66,2,4.5
404205,2014,10,14,13:03:35,ICELAND,64.7,17.59,10,4.6
404119,2014,10,14,01:10:11,ICELAND,64.62,17.69,2,4.4
404069,2014,10,13,16:15:01,TUNISIA,64.61,17.71,10,4.2
404013,2014,10,13,09:16:50,ICELAND,64.72,17.53,10,4.5
403942,2014,10,12,20:59:10,SOUTHERN IRAN,35.46,21.49,10,4.7
403889,2014,10,12,10:07:21,ICELAND,64.67,17.49,2,4.6
403826,2014,10,11,22:23:51,ICELAND,42.12,63.49,10,4.4
403799,2014,10,11,17:42:49,ICELAND,28.0,52.07,10,4.1
403739,2014,10,11,06:42:10,ICELAND,38.22,27.0,5,4.0
403676,2014,10,10,21:04:58,ICELAND,64.71,17.61,2,4.5
403535,2014,10,10,02:24:36,"SICILY, ITALY",64.67,17.48,2,4.3
403515,2014,10,9,21:22:13,ICELAND,64.65,17.57,10,4.7
403429,2014,10,9,09:33:09,ICELAND,37.38,56.9,2,4.4
403337,2014,10,8,15:24:15,GEORGIA (SAK'ART'VELO),64.7,17.61,5,4.6
403308,2014,10,8,10:29:56,ICELAND,80.6,2.21,2,4.9
403118,2014,10,7,03:51:42,ICELAND,64.89,16.51,10,4.5
403080,2014,10,6,18:08:00,ICELAND,34.89,26.59,10,4.6
402996,2014,10,6,05:05:21,ICELAND,27.96,52.8,19,4.1
402901,2014,10,5,11:14:27,ICELAND,64.7,17.62,10,4.4
402815,2014,10,4,19:19:53,ICELAND,28.39,51.54,40,4.1
402774,2014,10,4,12:27:52,ICELAND,34.89,26.21,30,4.6
402738,2014,10,4,05:57:02,"CRETE, GREECE",64.58,17.79,10,4.6
402732,2014,10,4,04:59:34,ICELAND,41.11,47.93,6,5.0
402698,2014,10,4,00:12:01,"CRETE, GREECE",37.4,22.22,5,4.3
402678,2014,10,3,20:39:53,SOUTHERN GREECE,32.05,50.29,8,4.1
402618,2014,10,3,12:42:54,AZERBAIJAN,64.61,17.64,10,4.6
402545,2014,10,3,01:41:37,DODECANESE IS.-TURKEY BORDER REG,64.66,17.52,10,4.7
402444,2014,10,2,12:06:29,ICELAND,36.01,27.05,10,4.4
402407,2014,10,2,04:43:36,ICELAND,45.15,16.36,10,4.1
402341,2014,10,1,17:59:51,ICELAND,64.67,17.43,1,4.6
402253,2014,10,1,07:16:28,ICELAND,36.95,29.37,1,4.3
402187,2014,9,30,22:16:33,ICELAND,35.0,27.11,10,4.3
402136,2014,9,30,15:12:41,ICELAND,43.06,18.35,2,4.2
401990,2014,9,29,13:43:03,AEGEAN SEA,64.62,17.39,10,5.5
401930,2014,9,29,03:52:13,AZERBAIJAN,64.69,17.55,2,4.7
401890,2014,9,28,16:57:17,ICELAND,70.73,14.57,15,4.4
401829,2014,9,28,08:22:17,JAN MAYEN ISLAND REGION,38.84,40.97,5,4.0
401787,2014,9,28,00:00:46,ICELAND,32.66,47.58,40,4.6
401689,2014,9,27,02:00:15,CENTRAL MEDITERRANEAN SEA,64.69,17.67,2,4.6
401661,2014,9,26,19:26:26,ICELAND,34.14,25.02,30,4.5
401582,2014,9,26,07:51:20,ICELAND,34.18,25.12,10,4.5
401351,2014,9,25,05:00:05,EASTERN MEDITERRANEAN SEA,64.6,17.45,1,5.2
401328,2014,9,25,02:04:24,ICELAND,38.35,21.81,15,4.0
401295,2014,9,24,18:44:10,SOUTHERN IRAN,27.73,57.65,10,4.3
401227,2014,9,24,08:14:38,ICELAND,64.75,17.44,2,4.9
401942,2014,9,23,04:33:59,WESTERN UZBEKISTAN,64.92,17.22,2,5.1
401440,2014,9,22,18:45:48,ICELAND,64.69,17.8,10,4.3
400948,2014,9,22,07:25:37,EASTERN IRAN,35.32,35.65,10,4.1
400843,2014,9,21,10:51:47,ICELAND,64.6,17.38,3,5.4
400787,2014,9,21,01:13:27,ICELAND,38.37,21.81,10,4.4
400779,2014,9,21,00:43:40,CENTRAL TURKEY,38.35,21.83,11,4.9
400752,2014,9,20,17:11:45,SOUTHERN IRAN,64.64,17.31,10,4.4
400668,2014,9,20,02:52:57,ICELAND,39.16,38.7,7,4.3
400606,2014,9,19,15:35:09,AZERBAIJAN,38.37,21.83,11,4.1
400476,2014,9,18,14:21:49,ICELAND,64.87,17.11,2,5.2
400333,2014,9,17,18:09:54,GREECE,64.58,17.66,2,4.4
400185,2014,9,16,21:34:15,EASTERN IRAN,64.76,17.32,3,5.0
400133,2014,9,16,14:47:59,NORTHERN IRAN,64.62,17.54,2,4.6
399965,2014,9,15,13:07:59,ICELAND,61.58,14.38,10,4.7
399874,2014,9,14,22:41:57,CENTRAL MEDITERRANEAN SEA,37.2,23.04,2,4.2
399838,2014,9,14,14:06:47,"CRETE, GREECE",64.72,16.98,2,4.7
399740,2014,9,13,19:42:43,"AZORES ISLANDS, PORTUGAL",32.3,55.79,8,4.3
399678,2014,9,13,07:58:17,EASTERN MEDITERRANEAN SEA,64.7,17.56,10,5.0
399646,2014,9,13,02:45:03,ICELAND,36.74,21.09,10,4.1
399617,2014,9,12,22:55:38,"CRETE, GREECE",36.21,30.92,60,4.4
399554,2014,9,12,09:32:58,ICELAND,64.59,17.95,10,4.4
399452,2014,9,11,14:23:25,ICELAND,64.85,17.72,15,4.1
399362,2014,9,10,19:45:58,ICELAND,45.61,26.53,107,4.7
399064,2014,9,9,01:07:31,ICELAND,64.71,17.45,2,5.2
399119,2014,9,8,11:46:22,ICELAND,36.52,3.04,10,4.0
398934,2014,9,8,06:15:42,NORTHERN ITALY,64.67,17.65,2,4.2
398855,2014,9,7,10:31:53,IONIAN SEA,42.95,29.16,10,4.5
398840,2014,9,7,08:12:55,ICELAND,36.7,54.85,10,4.4
398815,2014,9,7,03:27:44,NORTHERN IRAN,64.75,17.44,10,4.3
398668,2014,9,6,05:40:51,SOUTHERN ITALY,64.77,17.4,2,5.1
398516,2014,9,5,08:37:04,ICELAND,36.74,9.61,10,4.0
398465,2014,9,4,23:51:23,ICELAND,29.52,52.13,20,4.4
398443,2014,9,4,21:00:04,AEGEAN SEA,36.24,30.89,72,5.3
398343,2014,9,4,09:04:12,CENTRAL TURKEY,34.74,24.05,12,4.1
398304,2014,9,4,03:44:47,ICELAND,64.74,17.89,2,4.0
398152,2014,9,2,22:53:39,ICELAND,64.64,17.69,10,4.3
398077,2014,9,2,11:26:50,LEBANON - SYRIA REGION,64.83,17.58,2,4.1
397920,2014,9,1,11:41:09,ICELAND,64.74,17.52,4,5.5
397825,2014,8,31,20:14:07,ICELAND,31.06,8.8,10,4.3
397791,2014,8,31,15:07:19,IRAN-IRAQ BORDER REGION,33.63,45.84,10,4.5
397769,2014,8,31,12:01:47,JAN MAYEN ISLAND REGION,64.71,17.44,2,5.0
397686,2014,8,31,00:10:15,BOSNIA AND HERZEGOVINA,71.69,2.7,2,4.7
397658,2014,8,30,18:03:29,NORTHERN MID-ATLANTIC RIDGE,40.32,47.58,36,4.0
397599,2014,8,30,07:03:05,ICELAND,64.61,17.29,10,5.4
397466,2014,8,29,11:15:01,ROMANIA,64.66,17.94,10,4.0
397391,2014,8,29,03:48:37,SOUTHERN GREECE,36.69,23.71,78,4.8
397332,2014,8,28,17:49:20,ICELAND,45.67,10.7,3,4.0
397256,2014,8,28,07:41:16,ICELAND,32.7,47.34,43,4.2
397181,2014,8,27,19:59:18,IRAN-IRAQ BORDER REGION,32.75,47.67,40,4.3
397124,2014,8,27,11:51:13,SYRIA,29.55,52.23,2,4.4
397074,2014,8,27,02:50:39,ICELAND,64.76,17.19,2,5.4
397066,2014,8,27,00:16:29,GULF OF ADEN,64.58,17.54,2,5.1
397005,2014,8,26,11:56:46,IRAN-IRAQ BORDER REGION,64.9,17.2,10,4.1
396941,2014,8,26,03:57:54,ICELAND,32.78,47.92,10,4.4
396921,2014,8,26,01:12:27,ICELAND,32.7,47.76,20,4.4
396858,2014,8,25,16:19:04,IRAN-IRAQ BORDER REGION,64.59,17.81,10,4.7
396739,2014,8,24,23:21:17,IRAN-IRAQ BORDER REGION,33.74,45.74,10,4.2
396709,2014,8,24,20:39:14,WESTERN TURKEY,64.66,17.35,5,5.3
396674,2014,8,24,15:00:13,ROMANIA,64.53,17.56,10,4.6
396610,2014,8,24,05:33:44,IRAN-IRAQ BORDER REGION,64.56,17.52,5,4.9
396584,2014,8,24,01:28:59,ICELAND,32.0,47.2,10,4.0
396545,2014,8,23,22:31:50,IRAN-IRAQ BORDER REGION,32.76,47.67,10,4.6
396523,2014,8,23,20:05:18,ICELAND,32.65,47.78,10,5.4
396531,2014,8,23,14:04:24,IRAN-IRAQ BORDER REGION,64.78,17.67,10,4.2
396434,2014,8,23,02:30:57,IRAN-IRAQ BORDER REGION,36.72,59.51,10,4.5
396382,2014,8,22,17:55:59,"DODECANESE ISLANDS, GREECE",33.62,45.7,10,4.7
396369,2014,8,22,15:41:09,IRAN-IRAQ BORDER REGION,64.53,17.76,10,4.0
396322,2014,8,22,10:41:29,IRAN-IRAQ BORDER REGION,32.68,47.64,8,4.9
396315,2014,8,22,09:52:36,IRAN-IRAQ BORDER REGION,31.78,49.81,8,4.0
396281,2014,8,22,04:27:55,AEGEAN SEA,39.92,23.46,29,5.0
396261,2014,8,22,00:22:46,ICELAND,35.72,0.16,10,4.1
396248,2014,8,21,23:15:31,IRAN-IRAQ BORDER REGION,32.58,47.57,30,4.3
396215,2014,8,21,20:37:18,TURKMENISTAN,35.41,27.74,10,4.8
396099,2014,8,21,00:25:34,ICELAND,32.76,47.49,2,4.3
396084,2014,8,20,22:45:16,IRAN-IRAQ BORDER REGION,32.81,47.52,10,4.5
395989,2014,8,20,10:28:38,IRAN-IRAQ BORDER REGION,32.56,47.66,10,4.5
395932,2014,8,19,23:30:05,IRAN-IRAQ BORDER REGION,32.7,47.57,10,4.5
395882,2014,8,19,17:59:11,IRAN-IRAQ BORDER REGION,32.57,47.65,10,4.6
395834,2014,8,19,13:38:24,IRAN-IRAQ BORDER REGION,36.99,5.52,8,4.3
395810,2014,8,19,10:32:53,IRAN-IRAQ BORDER REGION,32.49,47.68,10,4.8
395688,2014,8,19,00:05:49,IRAN-IRAQ BORDER REGION,32.82,47.67,2,4.3
395672,2014,8,18,22:06:47,IRAN-IRAQ BORDER REGION,32.71,47.65,18,4.0
395655,2014,8,18,20:19:44,IRAN-IRAQ BORDER REGION,32.72,47.68,14,4.0
395648,2014,8,18,19:38:15,IRAN-IRAQ BORDER REGION,32.67,47.76,10,4.5
395642,2014,8,18,18:54:58,IRAN-IRAQ BORDER REGION,32.7,47.7,10,4.6
395629,2014,8,18,18:08:23,IRAN-IRAQ BORDER REGION,32.46,47.74,10,5.9
395432,2014,8,18,11:51:34,IRAN-IRAQ BORDER REGION,32.62,47.54,10,5.7
395409,2014,8,18,11:06:53,IRAN-IRAQ BORDER REGION,32.59,47.6,10,4.7
395331,2014,8,18,08:42:30,IRAN-IRAQ BORDER REGION,32.72,47.79,10,4.2
395313,2014,8,18,06:59:01,IRAN-IRAQ BORDER REGION,32.72,47.88,10,4.6
395304,2014,8,18,05:32:28,IRAN-IRAQ BORDER REGION,32.62,47.7,11,4.4
395292,2014,8,18,04:45:35,IRAN-IRAQ BORDER REGION,32.79,47.53,10,4.1
395285,2014,8,18,04:20:46,IRAN-IRAQ BORDER REGION,32.76,47.57,50,4.7
395274,2014,8,18,03:18:31,IRAN-IRAQ BORDER REGION,32.66,47.67,15,4.0
395260,2014,8,18,03:02:40,IRAN-IRAQ BORDER REGION,36.07,43.81,250,4.2
395255,2014,8,18,02:59:26,IRAN-IRAQ BORDER REGION,32.5,47.74,10,4.5
395244,2014,8,18,02:32:05,IRAN-IRAQ BORDER REGION,32.58,47.62,10,6.2
395196,2014,8,17,11:24:17,NORTHERN IRAN,32.59,47.71,10,4.6
395102,2014,8,16,12:52:36,SOUTHERN IRAN,26.3,53.63,10,4.0
395004,2014,8,15,04:00:17,AZORES ISLANDS REGION,37.01,27.43,1,4.0
394962,2014,8,14,12:28:00,EASTERN MEDITERRANEAN SEA,35.93,28.3,2,4.3
394823,2014,8,13,09:42:55,SOUTHERN ITALY,36.94,27.68,1,4.0
394650,2014,8,11,22:23:32,SOUTHERN GREECE,40.37,25.89,9,4.1
395336,2014,8,11,05:53:32,CENTRAL TURKEY,48.79,28.11,10,4.5
394405,2014,8,9,15:45:50,NORTHERN ALGERIA,35.34,4.17,10,4.1
394285,2014,8,8,08:20:45,NORTHERN MID-ATLANTIC RIDGE,34.58,24.79,10,4.8
394113,2014,8,6,18:45:39,"SICILY, ITALY",47.06,27.38,10,4.9
393744,2014,8,3,22:22:44,NORTHERN MID-ATLANTIC RIDGE,40.59,29.16,7,4.0
393479,2014,8,1,19:44:24,WESTERN MEDITERRANEAN SEA,72.06,0.21,10,4.1
393379,2014,8,1,04:11:17,CASPIAN SEA,36.93,3.18,10,5.5
393341,2014,7,31,19:53:44,STRAIT OF GIBRALTAR,35.79,4.74,66,4.1
393092,2014,7,30,01:32:10,SOUTHERN IRAN,26.42,53.58,10,5.3
392845,2014,7,28,05:14:58,SOUTHERN IRAN,33.0,45.0,2,4.0
392799,2014,7,27,18:17:48,SOUTHERN IRAN,31.58,49.49,20,4.3
392618,2014,7,26,07:22:40,SOUTHERN IRAN,74.51,9.6,2,4.2
392349,2014,7,24,06:04:25,FRANCE,26.81,54.5,10,4.5
392150,2014,7,22,15:22:39,"CRETE, GREECE",27.52,57.49,10,5.1
392105,2014,7,22,08:01:54,EGYPT,26.8,54.38,10,4.2
391858,2014,7,20,14:07:50,SOUTHERN GREECE,41.88,35.88,20,4.2
391788,2014,7,20,02:46:49,OWEN FRACTURE ZONE REGION,36.63,28.24,40,4.0
391677,2014,7,19,09:16:21,EASTERN TURKEY,41.93,41.93,2,4.2
391596,2014,7,18,20:01:28,NEAR THE COAST OF WESTERN TURKEY,30.08,32.26,10,4.2
391461,2014,7,17,18:14:12,WESTERN TURKEY,28.31,54.24,13,4.5
391249,2014,7,16,09:40:15,WESTERN TURKEY,29.44,51.36,2,4.5
390738,2014,7,13,11:18:08,CENTRAL TURKEY,40.89,21.24,7,4.1
390627,2014,7,12,19:48:50,WESTERN IRAN,71.97,1.35,10,4.3
390542,2014,7,12,11:20:58,GULF OF ADEN,35.0,47.95,2,4.2
390387,2014,7,11,11:54:30,GREECE,49.08,2.5,10,4.3
390293,2014,7,10,21:53:58,DODECANESE IS.-TURKEY BORDER REG,17.59,40.05,10,4.5
390173,2014,7,10,07:58:07,WESTERN TURKEY,36.02,30.21,2,4.0
390074,2014,7,9,18:36:22,"CRETE, GREECE",36.89,3.92,62,4.3
389617,2014,7,7,10:14:30,ARMENIA,46.61,28.23,10,4.2
389494,2014,7,6,17:01:32,"MADEIRA ISLANDS, PORTUGAL REGION",34.29,26.12,52,4.4
389388,2014,7,5,23:41:41,LEBANON - SYRIA REGION,32.45,49.82,10,4.0
389289,2014,7,5,12:04:56,SOUTHERN IRAN,51.58,16.1,2,4.6
388835,2014,7,3,05:04:46,SOUTHERN IRAN,40.21,27.93,12,4.5
388791,2014,7,2,23:29:44,EASTERN MEDITERRANEAN SEA,34.04,25.48,51,4.1
388663,2014,7,2,04:01:27,"CRETE, GREECE",35.45,21.59,10,4.2
388386,2014,6,30,16:35:23,EASTERN IRAN,35.01,33.93,45,4.1
388229,2014,6,30,00:53:44,AZERBAIJAN,33.98,25.64,35,4.3
388107,2014,6,29,11:19:09,WESTERN IRAN,35.27,27.85,2,4.2
387978,2014,6,28,18:45:41,GREENLAND SEA,32.17,59.05,2,4.5
387857,2014,6,28,01:39:20,AEGEAN SEA,40.05,30.36,8,4.0
387665,2014,6,26,16:22:07,OWEN FRACTURE ZONE REGION,39.69,25.6,12,4.0
387392,2014,6,25,11:45:01,GREECE,30.64,49.87,10,4.0
387306,2014,6,25,01:44:33,ROMANIA,28.79,51.91,2,4.0
386773,2014,6,23,04:21:20,NORTHERN MID-ATLANTIC RIDGE,28.66,58.04,14,4.1
386420,2014,6,20,22:54:18,DODECANESE IS.-TURKEY BORDER REG,29.73,50.91,3,5.1
386260,2014,6,20,02:54:06,CYPRUS REGION,29.21,51.48,10,4.3
386141,2014,6,19,13:52:18,WESTERN IRAN,43.89,17.09,2,4.2
385801,2014,6,18,00:29:41,SOUTHERN IRAN,29.09,58.34,10,4.1
385563,2014,6,16,14:24:30,JAN MAYEN ISLAND REGION,70.43,15.39,2,5.4
385443,2014,6,16,01:34:52,AEGEAN SEA,31.75,60.16,9,4.0
385092,2014,6,13,16:00:35,NORTHERN IRAN,38.68,43.18,3,4.0
385028,2014,6,13,09:11:16,"DODECANESE ISLANDS, GREECE",38.71,20.61,11,4.1
384794,2014,6,12,02:37:19,EASTERN TURKEY,28.08,53.22,10,4.6
384654,2014,6,11,11:22:33,SOUTHERN IRAN,31.57,59.41,10,4.0
384588,2014,6,11,03:53:40,NORTH ATLANTIC OCEAN,34.68,28.37,76,5.1
384206,2014,6,9,03:38:34,OWEN FRACTURE ZONE REGION,36.75,36.05,18,4.5
384168,2014,6,9,01:42:51,OWEN FRACTURE ZONE REGION,11.05,58.57,10,4.5
384069,2014,6,8,15:10:51,SOUTHERN IRAN,38.33,22.04,12,4.4
383931,2014,6,7,12:05:24,OWEN FRACTURE ZONE REGION,72.69,2.81,2,4.0
383828,2014,6,7,06:05:31,OWEN FRACTURE ZONE REGION,40.32,51.58,44,5.4
383788,2014,6,7,04:15:28,SOUTHERN IRAN,14.31,54.96,2,4.5
383703,2014,6,6,17:10:25,OWEN FRACTURE ZONE REGION,39.76,24.09,10,4.6
383683,2014,6,6,13:41:38,AEGEAN SEA,39.9,16.09,8,4.1
383603,2014,6,6,03:43:57,OWEN FRACTURE ZONE REGION,14.71,54.86,10,4.5
383725,2014,6,6,03:35:26,OWEN FRACTURE ZONE REGION,14.61,54.6,10,4.4
383601,2014,6,6,02:55:44,CYPRUS REGION,14.56,54.45,2,4.5
383172,2014,6,4,03:54:14,SOUTHERN IRAN,36.02,21.7,15,4.0
382819,2014,6,2,08:07:27,STRAIT OF GIBRALTAR,43.54,45.57,2,4.5
382776,2014,6,2,06:31:41,"CRETE, GREECE",81.53,4.83,2,4.6
382486,2014,5,31,22:08:29,SOUTHERN IRAN,34.74,25.8,15,4.4
382334,2014,5,31,10:37:20,SOUTHERN IRAN,50.18,12.41,10,4.4
381953,2014,5,30,04:06:21,AEGEAN SEA,40.17,25.56,9,4.0
381577,2014,5,28,03:59:51,EASTERN TURKEY,40.43,26.16,10,4.3
381259,2014,5,27,05:44:32,EASTERN TURKEY,26.62,55.86,10,5.1
381169,2014,5,26,21:28:38,AZORES ISLANDS REGION,40.24,25.2,10,4.2
381025,2014,5,26,10:57:44,"CRETE, GREECE",41.08,44.13,13,4.0
380898,2014,5,25,22:42:04,LEBANON - SYRIA REGION,38.48,20.56,2,4.1
380745,2014,5,25,11:47:55,WESTERN TURKEY,40.37,26.1,2,4.4
380642,2014,5,25,05:44:22,AEGEAN SEA,40.42,26.07,5,4.0
380438,2014,5,24,23:00:36,AEGEAN SEA,40.44,25.9,2,4.2
380276,2014,5,24,17:25:33,AEGEAN SEA,40.03,24.39,2,4.1
380244,2014,5,24,16:34:51,WESTERN TURKEY,40.29,25.61,5,4.0
380177,2014,5,24,14:49:15,AEGEAN SEA,40.43,25.95,2,4.6
380083,2014,5,24,12:46:01,AEGEAN SEA,40.23,25.19,10,4.2
380002,2014,5,24,10:35:01,AEGEAN SEA,40.44,26.12,2,4.1
379974,2014,5,24,10:11:40,WESTERN TURKEY,40.4,26.12,8,4.6
379942,2014,5,24,09:31:18,AEGEAN SEA,40.4,26.28,2,5.0
379920,2014,5,24,07:27:29,NORTHERN MID-ATLANTIC RIDGE,30.5,35.3,14,4.4
379855,2014,5,23,23:36:12,SOUTHERN IRAN,45.08,28.15,10,4.9
379604,2014,5,22,05:22:03,NORTHERN ALGERIA,35.73,0.17,10,4.8
379551,2014,5,22,01:09:30,SOUTHERN IRAN,29.83,50.98,10,4.2
379435,2014,5,21,10:51:27,SOUTHERN IRAN,29.59,50.85,10,5.0
379406,2014,5,21,09:46:28,MALTA REGION,29.52,50.87,10,5.2
379297,2014,5,20,23:30:46,ALBANIA,39.54,24.17,32,4.4
379178,2014,5,20,02:05:51,ETHIOPIA,11.34,41.86,2,4.2
378974,2014,5,19,00:59:20,"CRETE, GREECE",40.94,19.81,10,5.0
378719,2014,5,17,12:53:31,SOUTHERN IRAN,29.27,59.8,20,4.0
378168,2014,5,14,13:51:51,JAN MAYEN ISLAND REGION,33.78,4.9,20,4.2
378081,2014,5,14,06:11:52,SOUTHEASTERN IRAN,34.72,23.36,20,4.1
377671,2014,5,12,06:45:42,MOROCCO,30.59,56.91,10,4.2
377624,2014,5,12,00:54:33,AZORES-CAPE ST. VINCENT RIDGE,39.76,20.27,4,5.0
377460,2014,5,10,22:04:53,GREECE,36.1,52.14,9,4.2
377136,2014,5,9,06:17:26,SOUTHERN IRAN,27.86,57.45,10,4.5
377081,2014,5,8,23:14:01,IONIAN SEA,63.99,20.48,6,4.0
376585,2014,5,6,02:00:01,WESTERN TURKEY,39.34,23.88,13,4.2
376341,2014,5,4,23:29:52,SOUTHERN IRAN,43.15,18.5,4,4.0
376036,2014,5,3,08:01:32,WESTERN TURKEY,44.57,41.96,10,4.0
375676,2014,5,1,14:16:13,CENTRAL TURKEY,38.12,27.13,5,4.1
375395,2014,4,30,04:03:31,"CRETE, GREECE",38.23,25.13,2,4.8
375295,2014,4,29,12:08:28,SOUTHERN IRAN,72.57,2.88,2,4.4
375242,2014,4,29,07:03:24,GREENLAND SEA,43.04,0.02,5,4.4
374850,2014,4,27,01:42:56,GREENLAND SEA,43.09,45.86,2,4.6
374641,2014,4,25,20:59:51,CENTRAL MEDITERRANEAN SEA,26.68,54.03,30,4.9
374568,2014,4,25,11:56:57,CENTRAL MEDITERRANEAN SEA,27.65,51.98,10,4.4
374350,2014,4,24,08:42:42,SVALBARD REGION,30.54,50.54,10,4.3
374343,2014,4,24,07:44:28,SOUTHERN IRAN,30.41,50.44,2,4.0
373957,2014,4,22,10:30:20,SLOVENIA,83.41,3.94,2,4.4
373838,2014,4,21,21:25:30,STRAIT OF GIBRALTAR,41.79,19.25,10,4.6
373773,2014,4,21,13:05:57,OWEN FRACTURE ZONE REGION,35.48,31.57,40,4.0
373685,2014,4,21,02:35:59,WESTERN TURKEY,37.5,56.24,2,4.1
373042,2014,4,18,05:07:36,WESTERN TURKEY,38.41,21.85,15,4.4
372741,2014,4,16,23:31:41,IRAN-IRAQ BORDER REGION,28.64,51.75,10,4.9
372390,2014,4,15,07:56:46,"CAUCASUS REGION, RUSSIA",33.69,5.18,2,4.6
372303,2014,4,14,21:04:27,"CRETE, GREECE",34.02,25.92,10,4.2
371775,2014,4,13,02:12:19,SOUTHERN IRAN,86.71,45.5,10,4.5
371534,2014,4,11,23:36:12,"AZORES ISLANDS, PORTUGAL",30.95,56.88,8,4.2
370991,2014,4,10,00:08:41,WESTERN UZBEKISTAN,38.62,55.67,2,4.5
370939,2014,4,9,19:33:45,AEGEAN SEA,10.29,57.01,10,4.9
370538,2014,4,7,19:26:59,AZORES ISLANDS REGION,44.47,6.69,5,4.9
370348,2014,4,7,01:01:45,EASTERN IRAN,35.96,31.66,60,4.1
370203,2014,4,6,12:38:11,WESTERN IRAN,37.2,59.24,20,4.0
370031,2014,4,5,12:16:32,SOUTHERN ITALY,30.83,56.65,2,4.5
369829,2014,4,4,20:08:07,GREECE,37.19,23.74,111,5.6
369503,2014,4,3,13:56:13,ROMANIA,37.85,42.96,3,4.5
369109,2014,4,2,10:36:42,SOUTHEASTERN IRAN,14.44,56.38,10,4.8
368724,2014,4,1,06:37:19,NORTHERN MID-ATLANTIC RIDGE,28.07,57.94,10,4.6
368554,2014,3,31,11:16:37,NORTHERN IRAN,34.49,23.86,30,4.2
368400,2014,3,30,10:51:58,ERITREA,38.26,46.8,2,4.1
368295,2014,3,29,19:18:05,WESTERN IRAN,45.62,26.4,135,4.7
368157,2014,3,29,05:45:35,ROMANIA,34.85,22.42,40,4.2
367794,2014,3,27,13:12:44,"CRETE, GREECE",35.36,27.88,10,4.0
367665,2014,3,26,19:46:29,EASTERN TURKEY,45.64,26.56,133,4.1
367596,2014,3,26,11:34:33,SOUTHWESTERN PAKISTAN,34.83,26.01,10,4.0
367382,2014,3,25,11:08:45,NORTHERN ALGERIA,26.93,54.89,19,4.1
366971,2014,3,23,11:12:25,CYPRUS REGION,34.0,25.61,45,4.4
366571,2014,3,21,17:32:04,"CRETE, GREECE",40.33,63.18,10,4.7
366400,2014,3,20,23:27:36,WESTERN IRAN,35.93,0.55,10,4.0
366225,2014,3,20,05:47:15,SOUTHERN IRAN,51.62,16.13,2,4.0
365774,2014,3,18,10:43:02,EASTERN TURKEY,37.68,21.46,1,4.1
365336,2014,3,16,14:34:40,POLAND,28.15,57.84,10,4.6
365141,2014,3,15,15:54:15,"DODECANESE ISLANDS, GREECE",35.94,24.02,40,4.1
365052,2014,3,15,02:59:29,AZERBAIJAN,13.73,57.28,10,5.1
365027,2014,3,15,00:58:23,"BLACK SEA, OFFSHORE GEORGIA",41.81,49.14,20,4.5
364983,2014,3,14,21:50:59,SLOVENIA,34.09,4.19,10,4.0
364570,2014,3,12,20:21:58,WESTERN IRAN,28.31,56.98,10,4.4
364292,2014,3,11,12:27:06,GREECE,34.18,4.96,20,4.6
363766,2014,3,8,20:52:50,ADRIATIC SEA,37.96,14.89,37,4.0
363708,2014,3,8,15:12:32,ADRIATIC SEA,41.48,19.43,10,4.5
363572,2014,3,7,17:43:56,"CAUCASUS REGION, RUSSIA",36.81,21.6,10,4.6
363395,2014,3,6,15:15:22,NORTH OF SVALBARD,35.95,31.31,47,4.5
363238,2014,3,5,15:08:44,GREECE,38.09,20.21,10,4.6
363208,2014,3,5,12:03:30,JAN MAYEN ISLAND REGION,38.67,43.18,7,4.2
362923,2014,3,3,17:19:26,GULF OF ADEN,46.86,27.37,15,4.8
362680,2014,3,2,04:25:57,"CRIMEA REGION, UKRAINE",36.79,35.18,7,4.4
362637,2014,3,2,00:57:47,"DODECANESE ISLANDS, GREECE",34.85,52.55,16,4.0
362201,2014,2,27,13:57:22,AZERBAIJAN,30.67,49.86,17,4.1
361954,2014,2,26,08:08:05,GREECE,27.64,58.15,36,4.3
361903,2014,2,26,00:55:41,OWEN FRACTURE ZONE REGION,14.39,56.49,10,4.7
361582,2014,2,24,14:24:52,"CRETE, GREECE",36.54,2.83,20,4.0
361479,2014,2,24,00:22:53,"DODECANESE ISLANDS, GREECE",45.72,26.68,107,4.3
361285,2014,2,22,19:30:34,SOUTHERN IRAN,36.82,3.64,13,4.5
361277,2014,2,22,16:14:00,CENTRAL TURKEY,14.02,56.65,10,4.4
361092,2014,2,21,15:18:23,SVALBARD REGION,38.22,20.42,13,4.4
360899,2014,2,20,13:26:18,"BRISTOL CHANNEL REGION, U.K.",79.98,0.09,2,5.0
360850,2014,2,20,04:18:36,GREECE,32.85,50.01,10,4.7
360630,2014,2,19,01:03:57,EASTERN TURKEY,26.43,57.96,10,4.0
360247,2014,2,17,04:10:12,EASTERN IRAN,27.61,52.97,15,4.3
359986,2014,2,15,17:14:58,GREECE,30.96,59.57,9,4.0
359894,2014,2,15,07:31:18,GREECE,38.31,20.34,10,4.8
359672,2014,2,14,00:33:38,CENTRAL IRAN,36.75,36.02,14,4.7
359536,2014,2,13,11:30:44,TURKMENISTAN,38.39,15.29,146,4.4
359264,2014,2,12,10:34:32,NORTH OF SVALBARD,38.24,20.3,2,4.6
358922,2014,2,10,12:06:48,GREECE,40.23,48.63,55,5.4
358707,2014,2,9,08:23:02,GREECE,38.28,20.29,10,4.8
358597,2014,2,8,17:41:01,GREECE,36.52,18.93,47,4.6
358482,2014,2,8,01:11:20,SOUTHERN IRAN,39.87,54.33,10,4.7
358324,2014,2,7,08:59:43,WESTERN IRAN,38.25,20.38,2,4.2
358261,2014,2,7,03:26:42,GREECE,38.35,20.33,2,4.3
358204,2014,2,6,21:16:03,GREECE,38.43,20.38,2,4.0
358175,2014,2,6,18:05:49,SOUTHERN GREECE,38.26,20.27,2,4.2
358078,2014,2,6,07:58:26,SOUTHERN IRAN,38.69,22.76,18,4.5
358025,2014,2,6,01:42:58,SOUTHERN IRAN,38.32,20.3,2,4.0
357777,2014,2,4,22:49:01,GREECE,38.33,21.96,10,4.4
357529,2014,2,3,19:00:31,CYPRUS REGION,26.68,57.55,10,4.4
357424,2014,2,3,10:24:03,GREECE,38.28,20.33,2,4.0
357377,2014,2,3,06:20:35,SOUTHERN IRAN,38.22,20.59,2,4.0
357340,2014,2,3,04:03:51,GREECE,38.23,20.56,2,4.1
357329,2014,2,3,03:08:45,ROMANIA,38.26,20.32,2,6.0
357246,2014,2,2,18:15:45,IRAN-IRAQ BORDER REGION,28.26,57.12,28,4.3
357221,2014,2,2,14:46:11,SOUTHERN IRAN,26.72,57.97,23,4.0
357180,2014,2,2,10:29:06,GREECE,27.16,52.84,10,4.6
356977,2014,2,1,12:01:10,GREECE,38.16,20.45,2,4.0
356778,2014,1,31,12:45:40,WESTERN IRAN,38.44,20.35,2,4.5
356706,2014,1,31,06:52:47,GREECE,38.43,20.37,2,4.5
356665,2014,1,30,22:12:17,SOUTHWESTERN PAKISTAN,35.95,53.3,10,4.0
356538,2014,1,30,11:06:18,SOUTHERN GREECE,38.43,20.39,4,4.6
356361,2014,1,29,15:48:49,EASTERN MEDITERRANEAN SEA,32.56,50.03,10,4.1
356270,2014,1,29,09:14:24,CENTRAL IRAN,38.3,22.04,2,4.2
356573,2014,1,28,22:23:40,GREECE,38.41,20.43,13,4.3
356106,2014,1,28,20:31:21,GREECE,38.37,20.34,2,4.1
356060,2014,1,28,16:16:31,GREECE,36.43,58.36,10,4.6
355954,2014,1,28,09:20:23,GREECE,38.18,20.29,2,4.2
355926,2014,1,28,08:07:11,GREECE,38.21,20.33,10,4.3
355867,2014,1,28,01:05:56,BOSNIA AND HERZEGOVINA,38.27,20.4,2,4.1
355835,2014,1,27,22:23:10,GREECE,38.4,20.39,2,4.0
355756,2014,1,27,15:39:34,GREECE,38.37,20.36,2,4.4
355700,2014,1,27,11:36:06,GREECE,38.37,20.4,2,4.1
355612,2014,1,27,02:46:33,GREECE,28.93,60.18,2,4.9
355569,2014,1,26,23:06:54,GREECE,38.17,20.31,2,4.3
355555,2014,1,26,21:42:11,GREECE,38.11,20.34,2,4.0
355534,2014,1,26,19:53:17,GREECE,38.25,20.32,2,4.4
355660,2014,1,26,19:06:40,SERBIA,43.27,19.87,2,4.1
355526,2014,1,26,19:03:07,GREECE,38.21,20.22,2,4.6
355521,2014,1,26,18:45:09,GREECE,38.33,20.27,10,5.4
355472,2014,1,26,14:41:41,GREECE,38.32,20.33,2,4.1
355469,2014,1,26,14:24:05,GREECE,38.17,20.21,2,4.2
355461,2014,1,26,13:55:43,NORTHERN IRAN,38.19,20.41,18,6.1
355260,2014,1,24,22:08:48,WESTERN SAUDI ARABIA,38.3,22.01,2,4.4
354998,2014,1,23,09:44:27,ROMANIA,35.47,39.98,2,4.2
354720,2014,1,22,03:32:36,SOUTHERN IRAN,27.47,54.08,15,4.5
354366,2014,1,20,09:58:15,ALBANIA,36.8,54.81,2,4.0
354324,2014,1,20,07:12:40,ALBANIA,41.36,14.45,11,4.4
354293,2014,1,20,06:00:15,HUNGARY,41.39,19.48,10,4.3
353464,2014,1,16,08:14:46,SOUTHERN IRAN,73.84,8.45,3,4.9
352951,2014,1,14,13:55:02,"SICILY, ITALY",40.33,52.95,48,5.2
352848,2014,1,14,03:43:43,NEAR THE COAST OF WESTERN TURKEY,38.17,15.03,10,4.2
352579,2014,1,12,18:26:02,SOUTHERN GREECE,45.5,26.39,137,4.3
352257,2014,1,10,23:07:34,CENTRAL TURKEY,38.4,55.15,10,4.0
352126,2014,1,10,08:12:45,WESTERN TURKEY,26.72,54.01,10,4.6
352061,2014,1,10,00:45:31,SOUTHERN IRAN,41.86,49.41,80,4.8
351901,2014,1,9,06:13:06,NEAR THE COAST OF WESTERN TURKEY,26.78,54.1,15,4.6
351195,2014,1,4,21:20:40,SOUTHERN IRAN,27.14,54.38,10,4.3
350920,2014,1,2,16:22:21,SOUTHERN IRAN,40.7,51.29,40,4.2
350816,2014,1,2,05:29:21,SOUTHERN IRAN,34.9,24.34,30,4.0
350792,2014,1,2,03:13:57,SOUTHERN IRAN,27.27,54.48,10,5.3
350613,2013,12,31,15:06:17,"CRETE, GREECE",34.55,25.28,50,4.3
350333,2013,12,29,21:46:20,SOUTHERN ITALY,36.73,4.14,68,4.3
350206,2013,12,29,06:54:58,IRAN-IRAQ BORDER REGION,43.12,17.3,2,4.7
350065,2013,12,28,18:55:04,CYPRUS REGION,35.71,31.4,48,4.5
350066,2013,12,28,00:00:00,OWEN FRACTURE ZONE REGION,35.78,31.39,7,4.2
349909,2013,12,27,17:46:05,NORTHEASTERN IRAN,27.94,18.44,10,5.1
349805,2013,12,27,00:07:01,EASTERN IRAN,77.62,17.18,10,4.6
349705,2013,12,25,18:11:36,"CRETE, GREECE",36.94,31.06,91,4.6
349463,2013,12,24,02:17:44,ERITREA,38.87,43.49,7,4.2
349414,2013,12,23,18:44:27,RED SEA,19.12,39.19,40,5.2
349291,2013,12,23,04:20:38,CENTRAL ITALY,38.19,15.57,7,4.0
348930,2013,12,20,18:12:08,SOUTHERN IRAN,28.18,62.57,80,4.1
348738,2013,12,19,07:58:07,EASTERN MEDITERRANEAN SEA,38.52,47.11,10,4.1
348677,2013,12,18,21:20:06,SOUTHERN IRAN,39.83,25.42,6,4.1
348656,2013,12,18,17:15:42,GREENLAND SEA,40.43,34.63,16,4.0
348507,2013,12,17,20:07:40,GREENLAND SEA,29.01,58.36,14,4.1
348395,2013,12,17,05:27:37,STRAIT OF GIBRALTAR,42.32,48.13,2,4.0
348215,2013,12,15,20:40:20,GULF OF ADEN,34.86,25.69,2,4.2
348869,2013,12,15,11:17:20,"SICILY, ITALY",13.04,51.41,10,4.3
347804,2013,12,12,11:41:06,LIECHTENSTEIN,30.82,56.84,13,4.0
347689,2013,12,11,13:00:54,MONTENEGRO,38.99,22.3,12,4.3
347564,2013,12,10,15:24:27,SOUTHERN IRAN,36.26,21.29,10,4.7
347478,2013,12,9,23:19:45,TURKMENISTAN,38.49,55.54,2,4.5
347276,2013,12,8,17:31:57,"CAUCASUS REGION, RUSSIA",36.54,31.26,90,4.9
347154,2013,12,7,23:12:42,EASTERN MEDITERRANEAN SEA,36.87,58.56,2,4.5
346963,2013,12,6,09:30:22,"CASPIAN SEA, OFFSHR TURKMENISTAN",36.11,31.17,40,4.1
346592,2013,12,3,16:05:07,SOUTHERN IRAN,35.61,27.05,28,4.2
346160,2013,11,30,13:21:34,CENTRAL MEDITERRANEAN SEA,38.5,39.37,7,4.0
346028,2013,11,29,13:24:31,SOUTHERN IRAN,35.32,23.12,52,4.4
345949,2013,11,29,00:56:30,"CRETE, GREECE",25.88,64.3,2,4.3
345890,2013,11,28,15:56:46,SOUTHERN IRAN,29.39,51.46,18,4.5
345858,2013,11,28,09:24:27,SOUTHERN GREECE,71.17,8.36,17,4.1
345704,2013,11,27,07:25:43,WESTERN TURKEY,26.87,56.9,10,4.7
345670,2013,11,27,04:13:37,GREENLAND SEA,40.85,27.92,10,4.8
345368,2013,11,25,03:23:04,IRAN-IRAQ BORDER REGION,34.27,45.59,2,4.0
345330,2013,11,24,20:49:38,IRAN-IRAQ BORDER REGION,40.78,31.87,7,4.6
345290,2013,11,24,18:03:11,IRAN-IRAQ BORDER REGION,33.95,45.67,10,4.7
345203,2013,11,24,04:56:42,EASTERN MEDITERRANEAN SEA,35.25,27.75,10,4.2
345195,2013,11,24,03:20:29,IRAN-IRAQ BORDER REGION,36.13,45.37,2,4.2
345015,2013,11,23,06:52:01,IRAN-IRAQ BORDER REGION,34.19,45.57,2,4.1
344945,2013,11,22,19:24:04,IRAN-IRAQ BORDER REGION,34.31,45.55,8,4.1
344942,2013,11,22,18:36:48,IRAN-IRAQ BORDER REGION,34.36,45.58,10,4.0
344909,2013,11,22,15:12:04,CYPRUS REGION,39.02,22.4,15,4.1
344866,2013,11,22,10:09:58,IRAN-IRAQ BORDER REGION,34.43,45.32,2,4.0
344798,2013,11,22,03:29:18,SVALBARD REGION,38.66,43.2,5,4.6
344759,2013,11,21,19:45:31,FRANCE,40.69,19.72,9,4.0
344668,2013,11,21,06:38:52,SOUTHERN IRAN,45.79,26.73,90,4.4
344434,2013,11,19,13:31:37,SOUTHERN IRAN,27.76,53.57,10,4.6
344297,2013,11,18,13:15:03,CROATIA,42.89,21.0,2,4.4
345452,2013,11,18,05:22:30,"CRETE, GREECE",46.46,27.26,10,4.4
343936,2013,11,16,03:49:45,CENTRAL IRAN,42.38,40.96,5,4.0
344734,2013,11,15,05:32:55,EASTERN MEDITERRANEAN SEA,67.07,18.94,10,4.0
343420,2013,11,12,18:09:28,IRAN-IRAQ BORDER REGION,38.92,23.1,2,4.9
343054,2013,11,9,21:21:04,NORWEGIAN SEA,38.3,44.92,2,4.5
342858,2013,11,8,10:12:35,SOUTHERN IRAN,37.74,47.29,10,4.4
342806,2013,11,7,20:03:19,CENTRAL TURKEY,38.33,44.93,2,4.1
342564,2013,11,5,18:24:15,"CRETE, GREECE",33.99,58.58,14,4.0
342455,2013,11,5,04:03:44,NORTHWESTERN IRAN,34.86,45.4,10,4.4
342409,2013,11,4,22:09:17,DODECANESE IS.-TURKEY BORDER REG,38.91,23.09,23,4.1
342161,2013,11,3,10:22:02,IRAQ,37.76,21.21,10,4.2
341653,2013,10,30,22:40:33,OWEN FRACTURE ZONE REGION,38.7,43.22,7,4.1
341269,2013,10,28,19:04:11,SVALBARD REGION,26.04,64.31,10,4.8
341216,2013,10,28,10:32:34,SOUTHERN GREECE,34.08,58.53,21,4.1
340495,2013,10,23,13:57:27,CENTRAL TURKEY,35.21,9.41,30,4.5
340319,2013,10,22,11:09:45,AZORES-CAPE ST. VINCENT RIDGE,28.83,50.7,18,4.2
340224,2013,10,21,19:37:03,"CRETE, GREECE",35.6,10.93,10,4.4
339768,2013,10,19,02:19:16,WEST OF GIBRALTAR,35.22,23.01,20,4.6
339721,2013,10,18,15:08:32,SOUTHWESTERN PAKISTAN,35.61,10.98,10,4.6
339626,2013,10,18,01:26:48,WESTERN IRAN,36.61,27.33,125,4.4
339301,2013,10,15,20:25:46,ROMANIA,34.94,26.2,30,4.1
339162,2013,10,15,01:15:34,IRAN-IRAQ BORDER REGION,34.87,34.0,2,4.3
339065,2013,10,14,10:42:33,NORTHWESTERN IRAN,13.57,51.44,2,4.6
338954,2013,10,13,17:43:46,ICELAND REGION,35.2,22.92,10,4.0
338795,2013,10,12,17:16:17,"CRETE, GREECE",36.2,28.32,40,4.4
338758,2013,10,12,13:11:54,SOUTHERN IRAN,35.56,23.31,47,6.4
338603,2013,10,11,12:52:40,GREECE,48.24,4.27,2,4.0
338415,2013,10,10,12:26:48,CENTRAL MEDITERRANEAN SEA,36.21,21.86,30,4.4
338168,2013,10,8,19:37:16,SOUTHERN IRAN,31.0,50.95,2,4.2
338009,2013,10,8,01:39:59,ROMANIA,74.33,15.03,10,4.5
337569,2013,10,4,22:50:26,EASTERN IRAN,39.98,42.94,5,4.1
337360,2013,10,3,12:12:27,OWEN FRACTURE ZONE REGION,30.91,49.66,20,4.3
337240,2013,10,2,23:29:29,SPAIN,40.34,0.78,10,4.1
337156,2013,10,2,06:24:56,OWEN FRACTURE ZONE REGION,28.56,51.53,28,4.4
337005,2013,10,1,06:57:50,SPAIN,35.33,28.62,30,4.2
336930,2013,9,30,23:44:40,OWEN FRACTURE ZONE REGION,29.23,51.33,10,4.7
336761,2013,9,30,08:16:09,SOUTHEASTERN IRAN,49.5,28.58,10,5.5
336452,2013,9,28,19:27:58,"CRETE, GREECE",26.38,64.77,15,4.2
336161,2013,9,27,10:02:45,SOUTHWESTERN PAKISTAN,37.14,45.06,20,4.6
336125,2013,9,27,06:04:50,EASTERN TURKEY,34.83,52.71,5,4.4
335960,2013,9,26,02:34:37,EASTERN IRAN,38.27,22.23,2,4.0
335902,2013,9,25,16:18:38,NORTHEASTERN IRAN,27.76,57.55,20,4.0
335823,2013,9,25,07:40:12,"CRETE, GREECE",38.93,28.85,5,4.0
335724,2013,9,24,15:45:22,NORTHWESTERN IRAN,31.82,49.5,15,4.0
335599,2013,9,23,21:58:56,WESTERN IRAN,39.51,53.7,80,4.0
335213,2013,9,21,06:27:46,EASTERN TURKEY,28.42,56.78,10,4.1
335025,2013,9,20,02:06:33,GREECE,47.94,16.51,5,4.2
335014,2013,9,20,01:07:02,"CRETE, GREECE",51.62,16.2,2,4.1
334825,2013,9,18,18:22:42,WESTERN IRAN,39.7,41.68,7,4.5
334758,2013,9,18,09:04:23,AZORES ISLANDS REGION,15.73,39.46,10,5.0
334648,2013,9,17,20:40:51,GREECE,39.03,41.43,2,5.1
334552,2013,9,17,04:09:13,WESTERN IRAN,42.13,45.8,2,5.1
334483,2013,9,16,15:01:14,GREECE,38.71,22.73,7,5.3
334442,2013,9,16,10:31:39,NORTHERN MID-ATLANTIC RIDGE,39.01,41.41,6,4.4
334200,2013,9,14,10:14:06,WESTERN IRAN,41.43,48.64,20,4.1
333898,2013,9,12,03:34:54,GREECE,34.03,25.18,10,4.2
333602,2013,9,9,11:18:57,"CASPIAN SEA, OFFSHORE AZERBAIJAN",37.83,20.22,10,4.4
333535,2013,9,8,23:48:01,"CRETE, GREECE",35.36,27.95,10,4.1
333479,2013,9,8,13:22:12,ROMANIA,45.6,22.89,2,4.7
333463,2013,9,8,10:33:01,"CRETE, GREECE",40.85,22.76,2,4.1
333168,2013,9,6,03:26:57,"CRETE, GREECE",34.7,24.89,2,4.0
333165,2013,9,6,02:57:46,TURKMENISTAN,34.68,24.87,2,4.3
332804,2013,9,3,22:45:52,TUNISIA,32.75,56.52,2,4.2
332595,2013,9,2,12:36:35,SOUTHERN ITALY,43.47,0.6,5,4.0
332460,2013,9,1,15:58:57,NORTH OF SVALBARD,29.37,52.51,2,4.4
331990,2013,8,29,06:20:35,ROMANIA,40.35,27.41,5,4.5
331858,2013,8,28,06:26:08,CENTRAL IRAN,38.38,38.92,10,4.1
331791,2013,8,27,19:07:12,EASTERN IRAN,33.07,60.2,13,4.0
331414,2013,8,25,07:00:39,AZERBAIJAN,62.9,25.18,10,4.0
331369,2013,8,24,22:41:27,"SICILY, ITALY",28.55,51.67,14,4.1
331039,2013,8,22,06:44:52,GREECE,43.58,13.69,2,4.4
330562,2013,8,18,16:39:21,GREECE,38.7,22.72,13,4.0
330430,2013,8,17,18:16:31,"SICILY, ITALY",40.41,29.14,7,4.1
330136,2013,8,15,23:04:59,CENTRAL IRAN,38.15,14.91,10,4.1
329980,2013,8,14,19:50:09,CENTRAL IRAN,30.8,50.41,40,4.6
329753,2013,8,13,06:14:36,WESTERN IRAN,43.12,27.49,2,4.0
329544,2013,8,11,17:23:21,ROMANIA,33.76,27.72,60,4.4
329417,2013,8,10,17:20:47,SOUTHERN IRAN,28.34,51.69,10,5.0
329380,2013,8,10,12:08:01,GREECE,33.86,56.74,2,4.3
329246,2013,8,9,11:49:23,GREECE,38.7,22.69,1,4.8
329087,2013,8,8,07:05:25,GREECE,35.3,4.22,2,4.4
328981,2013,8,7,13:44:32,GREECE,38.69,22.66,1,4.7
328948,2013,8,7,09:06:07,GREECE,38.71,22.67,16,5.4
328922,2013,8,7,05:20:32,AZORES ISLANDS REGION,39.19,29.42,14,4.4
328649,2013,8,5,04:28:05,NORTHEASTERN IRAN,11.88,58.02,10,4.8
328481,2013,8,3,15:25:07,SOUTHERN IRAN,34.79,53.3,2,4.2
328393,2013,8,2,20:51:27,IRAQ,40.3,33.3,8,4.1
328202,2013,8,1,00:01:39,SOUTHERN IRAN,32.62,48.36,5,4.0
328133,2013,7,31,10:36:22,NORTHWESTERN IRAN,36.63,21.49,49,4.4
328105,2013,7,31,01:26:54,CROATIA,40.29,25.78,10,4.0
327990,2013,7,30,05:33:09,OFF COAST OF PAKISTAN,40.32,25.88,10,4.9
327778,2013,7,28,18:57:56,ROMANIA,40.99,34.35,7,4.4
327746,2013,7,28,13:54:39,EASTERN IRAN,37.95,20.97,21,4.2
327673,2013,7,27,21:39:08,SVALBARD REGION,36.96,56.3,5,4.0
327573,2013,7,27,04:38:32,BULGARIA,40.14,21.84,10,4.0
327396,2013,7,26,00:22:55,"DODECANESE ISLANDS, GREECE",36.01,35.86,10,4.3
327255,2013,7,24,20:51:25,NORTHERN IRAN,39.0,26.07,14,4.1
327209,2013,7,24,11:58:37,"URAL MOUNTAINS REGION, RUSSIA",28.51,51.63,2,4.2
326890,2013,7,21,21:43:41,CENTRAL ITALY,41.14,33.5,4,4.2
326769,2013,7,21,01:32:24,SOUTHERN IRAN,43.53,13.74,5,5.0
326404,2013,7,18,00:42:42,SOUTHERN IRAN,32.11,47.63,15,4.0
326289,2013,7,17,03:00:56,EASTERN TURKEY,36.55,3.02,10,4.9
326238,2013,7,16,18:57:17,JAN MAYEN ISLAND REGION,34.47,25.1,50,4.4
326125,2013,7,15,13:41:30,NORTHEASTERN IRAN,69.91,15.81,14,4.4
326088,2013,7,15,11:34:28,JAN MAYEN ISLAND REGION,69.95,15.72,10,4.4
326058,2013,7,15,04:34:31,TURKEY-SYRIA-IRAQ BORDER REGION,69.96,16.11,10,4.1
325773,2013,7,13,00:52:59,ROMANIA,27.24,55.06,10,4.5
325629,2013,7,11,20:26:56,GULF OF ADEN,13.19,50.46,40,4.6
325506,2013,7,11,04:32:22,GULF OF ADEN,43.85,12.03,8,4.0
325316,2013,7,9,17:05:11,RED SEA,28.15,56.06,2,4.2
325150,2013,7,8,15:30:28,NEAR THE COAST OF NORTHERN IRAN,16.63,40.84,10,5.5
324782,2013,7,5,14:25:23,GULF OF ADEN,14.69,52.31,10,4.6
324776,2013,7,5,13:20:27,GREECE,14.78,52.34,10,4.7
324463,2013,7,3,13:09:11,SOUTHERN IRAN,40.11,21.84,9,4.1
324435,2013,7,2,20:42:06,SOUTHERN IRAN,81.81,4.89,2,4.5
324299,2013,7,2,11:18:34,GREECE,27.07,55.07,30,5.0
324235,2013,7,2,01:33:45,SOUTHERN IRAN,28.27,57.26,10,4.4
324209,2013,7,1,17:28:58,SOUTHERN IRAN,39.33,29.43,2,4.5
324068,2013,6,30,14:40:08,"DODECANESE ISLANDS, GREECE",44.17,10.21,10,4.7
323909,2013,6,29,06:49:03,FYR OF MACEDONIA,34.85,25.36,10,4.0
323866,2013,6,28,21:16:22,NORTHWESTERN IRAN,38.6,44.78,10,4.2
323705,2013,6,27,11:05:19,"DODECANESE ISLANDS, GREECE",34.35,25.38,2,4.3
323533,2013,6,26,08:18:12,TURKEY-IRAN BORDER REGION,27.64,52.34,15,4.2
323159,2013,6,23,21:16:33,NORTHERN ITALY,48.12,33.45,2,4.6
322980,2013,6,22,17:46:22,"CRETE, GREECE",28.93,51.31,2,4.0
322932,2013,6,22,08:41:09,DODECANESE IS.-TURKEY BORDER REG,40.24,19.56,10,4.5
322756,2013,6,21,12:20:00,NORTHERN ITALY,44.18,10.14,5,4.0
322718,2013,6,21,10:33:59,NORTHERN IRAN,44.19,10.15,10,5.3
322537,2013,6,20,00:22:55,SOUTHERN IRAN,45.58,26.7,114,4.1
322507,2013,6,19,19:05:08,SOUTHEASTERN IRAN,34.28,25.1,10,4.7
322455,2013,6,19,13:02:38,"DODECANESE ISLANDS, GREECE",35.76,27.3,2,4.1
322331,2013,6,19,00:00:14,"CRETE, GREECE",34.26,25.15,20,4.0
322306,2013,6,18,21:51:00,SOUTHERN GREECE,26.7,57.78,12,4.1
322141,2013,6,17,15:27:07,"CRETE, GREECE",34.31,25.14,10,4.0
322081,2013,6,17,07:34:42,"CRETE, GREECE",34.18,25.17,10,4.3
321994,2013,6,16,20:31:38,SLOVENIA,38.09,37.11,5,4.2
321903,2013,6,16,08:15:16,"CRETE, GREECE",34.27,25.12,10,4.4
321851,2013,6,16,00:53:37,"CRETE, GREECE",34.25,25.13,30,4.5
321809,2013,6,15,18:24:51,"CRETE, GREECE",34.21,25.0,30,4.6
321791,2013,6,15,17:02:05,"CRETE, GREECE",34.27,24.97,30,4.7
321800,2013,6,15,16:54:14,"CRETE, GREECE",33.89,25.32,80,4.3
321776,2013,6,15,16:45:48,"CRETE, GREECE",34.23,25.02,10,4.0
321771,2013,6,15,16:23:16,"CRETE, GREECE",34.26,24.98,10,4.4
321408,2013,6,12,19:02:52,SOUTHERN GREECE,38.62,43.62,14,4.5
321118,2013,6,10,15:36:27,NEAR THE COAST OF WESTERN TURKEY,38.53,43.8,2,4.2
320682,2013,6,7,08:33:02,SOUTHERN GREECE,40.7,50.95,46,4.5
320542,2013,6,6,09:01:04,HUNGARY,35.65,26.08,20,4.1
320369,2013,6,5,05:34:42,SOUTHERN IRAN,26.97,58.11,2,4.3
320219,2013,6,4,04:12:27,AEGEAN SEA,38.61,37.39,7,4.2
320168,2013,6,3,16:48:27,CENTRAL MEDITERRANEAN SEA,74.81,8.25,2,4.6
319949,2013,6,1,23:03:41,NORTH OF SVALBARD,40.19,21.7,5,4.0
319893,2013,6,1,12:06:29,EGYPT,26.95,54.05,12,4.2
319738,2013,5,31,08:46:30,SOUTHERN IRAN,32.8,5.62,2,4.2
319671,2013,5,30,19:15:30,SOUTHERN IRAN,26.51,57.59,10,4.4
319651,2013,5,30,17:17:14,WESTERN TURKEY,59.57,21.26,10,4.4
319509,2013,5,29,14:01:26,"WALES, UNITED KINGDOM",28.15,62.82,80,4.5
319269,2013,5,28,00:09:52,OWEN FRACTURE ZONE REGION,43.22,41.58,2,5.2
319063,2013,5,26,16:00:56,SOUTHERN IRAN,36.71,5.19,12,5.0
318645,2013,5,23,22:44:55,NORTHERN ALGERIA,27.19,53.56,10,5.1
318583,2013,5,23,14:09:05,"CRETE, GREECE",38.66,20.45,2,4.8
318430,2013,5,22,14:29:11,SOUTHERN IRAN,36.08,23.29,2,4.1
318286,2013,5,21,14:42:45,"CRETE, GREECE",28.68,52.62,2,4.5
318112,2013,5,20,20:33:48,BOSNIA AND HERZEGOVINA,26.77,57.68,2,4.1
318046,2013,5,20,09:16:29,SOUTHERN IRAN,26.63,57.73,10,4.8
317819,2013,5,19,09:07:27,ICELAND REGION,36.76,5.18,2,5.1
317671,2013,5,18,15:10:43,SOUTHERN IRAN,26.59,57.49,5,4.0
317643,2013,5,18,10:57:50,SOUTHERN IRAN,26.84,57.82,10,5.5
317538,2013,5,17,14:45:21,SOUTHERN IRAN,26.78,57.73,10,4.7
317375,2013,5,16,21:26:39,WESTERN TURKEY,37.05,28.38,16,4.3
317364,2013,5,16,20:21:30,GULF OF ADEN,18.78,39.14,10,4.4
317188,2013,5,16,03:02:01,SOUTHEASTERN IRAN,37.05,28.39,3,4.8
317143,2013,5,15,16:52:28,SOUTHERN IRAN,37.0,30.49,56,4.0
317023,2013,5,15,07:09:58,SOUTHERN IRAN,39.0,41.19,16,4.6
316896,2013,5,14,10:02:38,SOUTHERN IRAN,26.56,57.82,15,4.2
316715,2013,5,13,05:44:28,SOUTHERN IRAN,26.57,57.8,2,4.2
316678,2013,5,12,22:40:32,SOUTHERN IRAN,29.55,52.67,10,4.6
316676,2013,5,12,22:15:35,SOUTHERN IRAN,26.36,57.57,2,4.2
316651,2013,5,12,18:12:01,SOUTHERN IRAN,26.29,57.68,20,4.1
316617,2013,5,12,12:48:07,SOUTHERN IRAN,26.71,57.85,20,4.4
316606,2013,5,12,11:00:14,SOUTHERN IRAN,26.48,57.45,20,4.5
316574,2013,5,12,09:02:28,SOUTHERN IRAN,26.71,57.61,30,4.5
316553,2013,5,12,04:23:06,SOUTHERN IRAN,26.82,57.75,20,4.4
316539,2013,5,12,01:57:22,SOUTHERN IRAN,26.55,57.78,18,4.1
316531,2013,5,12,00:24:59,SOUTHERN IRAN,26.63,57.62,20,4.5
316516,2013,5,11,22:28:12,SOUTHERN IRAN,26.66,57.55,30,4.6
316509,2013,5,11,22:23:08,SOUTHERN IRAN,26.65,57.79,40,4.9
316488,2013,5,11,18:06:18,SOUTHERN IRAN,26.84,57.71,20,4.5
316451,2013,5,11,10:25:36,SOUTHERN IRAN,26.72,57.71,20,4.3
316440,2013,5,11,08:42:40,SOUTHERN IRAN,26.66,57.84,30,5.0
316438,2013,5,11,07:58:38,SOUTHERN IRAN,26.44,57.78,15,4.2
316425,2013,5,11,05:45:32,SOUTHERN IRAN,26.53,57.63,20,4.0
316417,2013,5,11,05:10:05,NEAR COAST OF LIBYA,30.15,51.75,2,4.0
316395,2013,5,11,04:09:30,SOUTHERN IRAN,26.53,57.89,20,4.7
316389,2013,5,11,03:41:31,SOUTHERN IRAN,26.69,57.99,20,5.0
316385,2013,5,11,03:09:54,SOUTHERN IRAN,26.78,57.91,20,5.4
316376,2013,5,11,02:50:02,SOUTHERN IRAN,26.59,57.93,20,4.6
316373,2013,5,11,02:32:44,SOUTHERN IRAN,26.65,57.87,20,4.5
316362,2013,5,11,02:08:14,ROMANIA,26.79,57.85,30,6.2
316296,2013,5,10,15:55:08,ICELAND REGION,37.5,57.32,2,4.3
316189,2013,5,10,01:06:04,CENTRAL MEDITERRANEAN SEA,63.8,23.2,2,4.2
316153,2013,5,9,19:20:39,ICELAND REGION,63.85,23.03,2,4.7
316138,2013,5,9,17:10:20,IRAN-PAKISTAN BORDER REGION,63.79,23.28,2,4.5
316088,2013,5,9,10:49:26,SOUTHERN IRAN,63.92,22.88,2,4.2
316072,2013,5,9,08:01:32,SOUTHERN IRAN,26.73,57.89,10,4.9
315864,2013,5,7,20:23:03,SOUTHERN IRAN,34.33,54.49,20,4.1
315728,2013,5,6,18:33:17,SOUTHERN IRAN,37.31,37.15,7,4.2
315550,2013,5,5,08:20:38,SOUTHERN IRAN,13.25,49.6,10,5.2
315399,2013,5,4,05:21:23,SOUTHERN IRAN,14.34,52.18,10,4.4
315359,2013,5,4,01:47:11,SOUTHERN IRAN,28.8,52.46,10,4.1
315201,2013,5,2,20:25:51,NORTHERN ALGERIA,28.68,52.21,2,4.2
315150,2013,5,2,09:51:42,SOUTHERN IRAN,45.56,26.6,133,4.0
315103,2013,5,1,22:18:37,SOUTHERN IRAN,27.75,60.66,60,4.1
315078,2013,5,1,16:31:32,CENTRAL TURKEY,28.48,51.73,10,4.6
314953,2013,4,30,17:53:20,IRAN-PAKISTAN BORDER REGION,35.52,5.69,40,4.1
314899,2013,4,30,09:29:33,AZORES ISLANDS REGION,40.99,48.03,5,4.2
314861,2013,4,30,03:26:41,SOUTHERN GREECE,39.99,53.24,10,4.0
314636,2013,4,28,16:30:54,SOUTHERN IRAN,36.94,27.76,6,4.2
314558,2013,4,28,04:49:57,SOUTHERN IRAN,38.26,22.22,50,4.6
314261,2013,4,26,02:51:04,CENTRAL TURKEY,28.6,52.41,10,4.3
314205,2013,4,25,17:15:38,SOUTHERN IRAN,27.92,61.29,80,4.2
314047,2013,4,24,20:12:36,SOUTHERN IRAN,36.75,22.94,11,4.4
313944,2013,4,24,03:51:14,CENTRAL IRAN,27.9,55.0,36,4.0
313907,2013,4,23,20:52:49,AZERBAIJAN,32.19,56.33,2,4.0
313834,2013,4,23,03:36:18,GREECE,34.36,28.26,49,4.0
313807,2013,4,22,22:28:47,SOUTHERN IRAN,47.69,20.34,10,4.5
313632,2013,4,21,18:49:33,DODECANESE IS.-TURKEY BORDER REG,35.77,9.57,30,4.0
313426,2013,4,20,15:37:20,PYRENEES,28.16,62.26,80,4.8
313286,2013,4,19,21:41:10,CENTRAL IRAN,27.1,53.89,40,5.0
313266,2013,4,19,18:33:01,"DODECANESE ISLANDS, GREECE",28.56,51.59,40,4.4
313169,2013,4,18,20:38:51,NORTHWESTERN IRAN,41.1,47.28,26,4.4
313116,2013,4,18,10:39:39,SOUTHWESTERN PAKISTAN,38.44,45.47,10,4.8
312974,2013,4,17,10:24:48,IRAN-PAKISTAN BORDER REGION,27.83,61.72,14,4.0
312923,2013,4,17,03:15:54,IRAN-PAKISTAN BORDER REGION,28.18,62.34,80,5.6
312916,2013,4,17,01:55:43,SOUTHERN IRAN,39.87,53.83,10,4.1
312895,2013,4,16,21:32:48,SOUTHEASTERN IRAN,27.94,62.19,46,4.2
312884,2013,4,16,19:14:53,IRAN-PAKISTAN BORDER REGION,27.84,61.92,60,4.2
312862,2013,4,16,14:36:52,IRAN-PAKISTAN BORDER REGION,28.14,51.59,20,4.0
312846,2013,4,16,12:27:00,IRAN-PAKISTAN BORDER REGION,42.61,47.81,10,4.9
312677,2013,4,14,21:43:17,SOUTHERN IRAN,33.48,5.16,10,4.5
312633,2013,4,14,12:32:19,SOUTHERN IRAN,28.14,51.85,20,4.2
312586,2013,4,14,05:21:48,SOUTHERN IRAN,28.42,51.69,2,4.0
312529,2013,4,13,20:41:46,ICELAND REGION,28.46,51.9,15,4.3
312486,2013,4,13,10:43:42,SOUTHERN IRAN,36.84,21.35,10,4.0
312470,2013,4,13,07:43:19,SOUTHERN IRAN,28.48,51.76,10,4.4
312376,2013,4,12,09:59:00,SOUTHERN IRAN,28.38,51.5,20,4.0
312337,2013,4,12,04:53:45,NORTH OF FRANZ JOSEF LAND,28.24,51.43,10,4.3
312285,2013,4,11,22:31:32,SOUTHERN IRAN,43.47,40.86,2,4.6
312277,2013,4,11,21:02:23,OWEN FRACTURE ZONE REGION,14.53,56.2,2,4.3
312263,2013,4,11,16:21:33,SOUTHERN IRAN,28.45,51.75,10,4.6
312255,2013,4,11,15:26:35,SOUTHERN IRAN,27.86,18.23,25,4.1
312151,2013,4,11,02:03:23,SOUTHERN IRAN,28.45,51.65,10,4.9
312110,2013,4,10,19:41:58,SOUTHERN IRAN,28.46,51.73,19,4.0
312085,2013,4,10,16:54:22,SOUTHERN IRAN,28.27,51.79,5,4.2
312059,2013,4,10,12:40:18,SOUTHERN IRAN,28.45,51.57,10,4.9
312019,2013,4,10,08:59:51,SOUTHERN IRAN,28.51,51.69,2,4.2
311998,2013,4,10,07:59:59,SOUTHERN IRAN,28.35,51.72,10,5.2
311987,2013,4,10,07:10:43,SOUTHERN IRAN,28.38,51.77,20,4.8
311960,2013,4,10,02:48:06,SOUTHERN IRAN,28.39,52.01,15,4.6
311953,2013,4,10,01:29:36,SOUTHERN IRAN,36.05,53.56,10,4.1
311945,2013,4,9,23:33:33,SOUTHERN IRAN,28.35,51.9,10,4.3
311930,2013,4,9,21:53:41,SOUTHERN IRAN,28.4,51.64,20,4.6
311926,2013,4,9,21:01:50,SOUTHERN IRAN,28.32,51.46,2,4.0
311917,2013,4,9,20:06:53,SOUTHERN IRAN,28.46,51.64,17,4.6
311911,2013,4,9,18:59:08,SOUTHERN IRAN,28.47,51.63,10,4.3
311894,2013,4,9,16:32:33,SOUTHERN IRAN,28.5,51.66,10,4.5
311875,2013,4,9,14:44:53,SOUTHERN IRAN,28.43,51.63,10,4.9
311864,2013,4,9,13:30:44,SOUTHERN IRAN,28.52,51.65,10,4.7
311857,2013,4,9,12:52:56,SOUTHERN IRAN,28.48,51.5,37,4.0
311844,2013,4,9,12:41:04,SOUTHERN IRAN,28.38,51.66,10,4.8
311840,2013,4,9,12:18:11,SOUTHERN IRAN,28.52,51.45,36,4.2
311834,2013,4,9,12:05:39,SOUTHERN IRAN,28.44,51.61,10,5.4
311779,2013,4,9,03:36:28,ICELAND REGION,36.53,23.03,21,5.0
311633,2013,4,7,19:29:08,RED SEA,85.3,12.88,10,4.5
311616,2013,4,7,15:37:40,SOUTHERN IRAN,44.62,28.24,10,4.5
311470,2013,4,6,11:26:08,AZERBAIJAN,34.8,24.09,40,5.0
311306,2013,4,5,04:55:19,ICELAND REGION,34.73,23.17,15,4.0
311248,2013,4,4,18:58:22,"CRETE, GREECE",33.75,7.78,10,4.3
311056,2013,4,3,13:26:19,"CANARY ISLANDS, SPAIN REGION",34.93,23.36,54,4.2
310975,2013,4,3,03:41:26,"CANARY ISLANDS, SPAIN REGION",27.73,18.29,19,4.2
310950,2013,4,3,00:29:46,ICELAND,66.62,17.95,1,4.2
310941,2013,4,2,22:52:12,ICELAND REGION,66.16,17.2,2,4.3
310937,2013,4,2,22:07:37,ICELAND REGION,66.47,17.38,22,4.3
310836,2013,4,2,01:13:23,ICELAND REGION,66.28,17.72,10,4.1
310757,2013,4,1,16:54:56,SOUTHERN GREECE,38.84,25.98,13,4.2
310606,2013,3,31,10:59:51,"CANARY ISLANDS, SPAIN REGION",27.71,18.27,20,4.6
310586,2013,3,31,07:02:37,"URAL MOUNTAINS REGION, RUSSIA",42.83,46.89,40,4.6
310488,2013,3,30,05:04:18,"CANARY ISLANDS, SPAIN REGION",27.69,18.28,20,4.2
310437,2013,3,29,19:56:00,"CANARY ISLANDS, SPAIN REGION",27.71,18.31,21,4.0
310429,2013,3,29,19:30:22,ICELAND REGION,27.72,18.33,21,4.3
310410,2013,3,29,17:01:19,"CANARY ISLANDS, SPAIN REGION",27.75,18.34,2,4.7
310383,2013,3,29,12:42:58,"CANARY ISLANDS, SPAIN REGION",27.7,18.29,21,4.2
310363,2013,3,29,10:11:06,"CANARY ISLANDS, SPAIN REGION",27.73,18.28,19,4.2
310346,2013,3,29,08:14:44,"CANARY ISLANDS, SPAIN REGION",27.71,18.24,18,4.6
310267,2013,3,28,22:22:47,MONTENEGRO,27.74,18.25,22,4.1
310210,2013,3,28,11:00:17,"CANARY ISLANDS, SPAIN REGION",27.72,18.26,19,4.1
310115,2013,3,27,16:10:55,"CANARY ISLANDS, SPAIN REGION",27.78,18.24,10,4.4
310013,2013,3,26,23:35:25,TUNISIA,43.19,41.67,10,4.8
309841,2013,3,25,20:55:19,"CANARY ISLANDS, SPAIN REGION",35.65,24.71,59,4.5
309731,2013,3,25,07:20:58,IONIAN SEA,41.84,20.07,13,4.3
309287,2013,3,23,02:57:39,"CASPIAN SEA, OFFSHORE AZERBAIJAN",42.83,1.78,5,4.2
309141,2013,3,21,19:37:06,EASTERN IRAN,36.19,53.73,10,4.8
309096,2013,3,21,08:31:54,POLAND,23.36,63.9,2,4.6
308871,2013,3,19,12:44:30,STRAIT OF GIBRALTAR,42.16,29.56,10,4.5
308693,2013,3,18,09:53:25,SOUTHERN ITALY,38.34,46.58,2,4.0
308459,2013,3,16,09:49:29,ROMANIA,35.83,5.6,20,4.4
308287,2013,3,14,16:58:27,IRAQ,35.58,1.42,10,4.1
307960,2013,3,11,21:27:28,IRAQ,38.74,21.01,10,4.4
307773,2013,3,10,10:41:24,EASTERN TURKEY,40.6,51.48,30,4.2
307550,2013,3,8,21:38:52,NORTHWESTERN IRAN,28.57,57.97,112,4.5
307458,2013,3,7,21:51:00,EASTERN TURKEY,40.82,36.17,20,4.2
307364,2013,3,7,01:02:05,"CRETE, GREECE",34.18,23.77,30,4.1
307238,2013,3,6,01:10:11,"CRETE, GREECE",45.48,26.26,124,4.2
307061,2013,3,4,09:47:54,NORTHWESTERN IRAN,34.33,54.51,2,4.0
306981,2013,3,3,16:11:13,CYPRUS REGION,30.53,57.3,10,4.0
306867,2013,3,2,19:29:06,WESTERN IRAN,32.05,51.09,2,4.5
306767,2013,3,2,03:38:20,TURKMENISTAN,45.03,29.3,8,4.1
306518,2013,2,27,22:05:58,ROMANIA,36.57,26.47,161,4.3
306416,2013,2,27,03:55:16,TURKMENISTAN,34.52,61.97,2,4.0
306162,2013,2,25,08:03:13,TURKMENISTAN,36.99,45.26,2,4.3
305891,2013,2,23,00:04:35,NORTHERN ALGERIA,13.85,51.56,10,4.5
305749,2013,2,22,01:39:22,"DODECANESE ISLANDS, GREECE",29.58,57.09,20,4.1
305590,2013,2,21,05:54:37,EASTERN MEDITERRANEAN SEA,36.88,20.32,10,4.4
305344,2013,2,19,04:55:48,GREECE,32.53,48.24,10,4.6
305112,2013,2,17,05:42:05,IONIAN SEA,36.6,21.53,15,4.8
305065,2013,2,16,21:16:09,SOUTHERN IRAN,41.71,13.58,11,4.9
304996,2013,2,16,03:42:58,GREECE,47.97,27.32,10,4.4
305066,2013,2,15,03:20:26,SOUTHERN ALGERIA,55.15,61.41,1,4.0
304545,2013,2,12,22:24:43,SOUTHERN IRAN,38.51,46.81,2,4.1
304568,2013,2,12,20:52:40,NORTHEASTERN IRAN,11.29,40.95,15,4.1
304519,2013,2,12,17:00:18,NORTHEASTERN IRAN,38.53,43.2,2,4.4
303862,2013,2,7,13:42:09,NORTHERN MID-ATLANTIC RIDGE,27.4,56.37,15,4.0
303732,2013,2,6,16:10:15,"CRETE, GREECE",30.91,50.07,44,4.3
303374,2013,2,4,04:29:46,SOUTHERN IRAN,43.63,16.35,2,4.4
303292,2013,2,3,12:00:59,MOROCCO,43.25,18.68,2,4.0
303221,2013,2,3,02:08:02,AUSTRIA,37.56,17.24,10,4.6
303134,2013,2,2,11:33:54,NORTH OF SVALBARD,34.26,25.05,10,4.9
302883,2013,1,31,08:04:10,EASTERN TURKEY,39.87,19.75,5,4.2
302722,2013,1,30,04:27:25,"DODECANESE ISLANDS, GREECE",38.77,23.37,9,4.2
302500,2013,1,28,19:38:18,NORTHWESTERN IRAN,38.36,46.87,2,4.3
302216,2013,1,26,11:36:44,"CRETE, GREECE",35.21,4.78,60,4.2
302138,2013,1,25,18:52:26,NORTHERN ITALY,43.26,18.83,10,4.2
302090,2013,1,25,12:11:24,SOUTHERN IRAN,31.76,50.92,10,5.0
301953,2013,1,24,04:51:05,WESTERN IRAN,27.88,56.59,2,4.7
301711,2013,1,21,19:49:03,IRAQ,30.39,57.52,37,5.4
301557,2013,1,20,11:58:34,"BLACK SEA, OFFSHORE GEORGIA",36.61,26.88,134,4.0
301475,2013,1,19,19:26:41,IRAQ,39.72,25.63,6,4.1
301304,2013,1,17,21:17:35,CROATIA,31.98,30.6,10,4.9
301167,2013,1,16,09:53:01,CENTRAL IRAN,61.03,28.11,2,4.5
300943,2013,1,14,11:50:57,NORTHEASTERN IRAN,35.63,21.62,15,4.6
300886,2013,1,14,02:26:27,GULF OF ADEN,31.93,51.04,10,4.2
300830,2013,1,13,17:54:33,AEGEAN SEA,39.65,25.74,5,4.1
300718,2013,1,12,22:12:02,NEAR THE COAST OF WESTERN TURKEY,35.39,60.7,4,4.0
300613,2013,1,12,03:25:05,AEGEAN SEA,31.93,51.07,9,5.3
300338,2013,1,10,05:50:00,AEGEAN SEA,39.68,25.54,10,4.0
300037,2013,1,8,14:16:08,CENTRAL TURKEY,39.66,25.54,10,5.7
299994,2013,1,8,06:05:07,FRANCE,37.93,37.96,14,4.6
